ga:campaign	ga:productName	ga:productCategory	ga:date	ga:itemQuantity	ga:itemRevenue	ga:productRevenuePerPurchase
12042016_dotdsmallnatalya	orchard street small natalya	ks-pink-light-special	20161204	1707	593886.244759	353.92505647139456
(not set)	orchard street small natalya	ks-pink-light-special	20161204	890	309773.998038	355.2454105940367
brand | kate spade	orchard street small natalya	ks-pink-light-special	20161204	261	90732.620727	362.930482908
ecomm_dec16_sale_dotd	orchard street small natalya	ks-pink-light-special	20161204	255	88899.63849	355.59855396
12042016_dotdsmallnatalya	orchard street small natalya	ks-pink-light-special	20161205	232	80651.218424	360.05008225
generic	orchard street small natalya	ks-pink-light-special	20161204	216	75152.271713	361.3089986201923
(not set)	orchard street small natalya	ks-pink-light-special	20161205	205	71486.30724	348.7136938536586
(not set)	orchard street small natalya	ks-pink-light-special	20161206	147	51323.502634	353.95519057931034
(not set)	cedar street maise	ks-handbags-satchels	20161129	113	33746.888482	298.64503081415927
(not set)	cameron street candace satchel	ks-handbags-satchels	20161129	84	31855.967152	379.23770419047617
brand | kate spade | bing	orchard street small natalya	ks-pink-light-special	20161204	76	26578.242435	402.70064295454546
brand | kate spade	orchard street small natalya	ks-pink-light-special	20161205	58	20162.804606	366.59644738181817
brand | kate spade	cedar street maise	ks-handbags-satchels	20161129	66	19620.284001	436.0063111333333
(not set)	cameron street lacey	ks-accessories-wallets	20161129	103	19309.519772	187.47106574757282
generic	orchard street small natalya	ks-pink-light-special	20161205	55	19246.313488	349.9329725090909
KSP Ongoing	orchard street small natalya	ks-pink-light-special	20161204	53	18329.822369	345.8457050754717
(not set)	cedar street jensen	ks-handbags-totes	20161129	47	17918.981523	381.2549260212766
(not set)	cedar street small hayden	ks-sale-handbags-wallets	20161129	90	17616.118079	195.73464532222224
brand | kate spade	orchard street small natalya	ks-pink-light-special	20161206	50	17413.331251	348.26662502
bx_mailinglist_promo_email	orchard street small natalya	ks-pink-light-special	20161204	47	16496.840132	350.99659855319146
gg	orchard street small natalya	ks-pink-light-special	20161206	47	16496.840132	392.7819079047619
ksny_shq_abandoncheckout_1	orchard street small natalya	ks-pink-light-special	20161204	45	15580.349014	346.22997808888886
(not set)	cedar street cami	ks-handbags-cross-body	20161129	100	14811.339225	148.11339225
KSP Ongoing	orchard street small natalya	ks-pink-light-special	20161205	42	14663.857895	396.32048364864863
(not set)	cameron street mini candace	ks-handbags-cross-body	20161129	45	13341.793121	317.66174097619046
(not set)	cameron street lane	ks-handbags-cross-body	20161129	58	13210.113363	240.1838793272727
(not set)	cameron street havana	ks-handbags-totes	20161129	34	12941.486655	380.6319604411765
11292016_cybermondaylastday	reservoir road carolyn	ks-handbags-cross-body	20161129	92	12904.616323	157.37336979268292
(not set)	cameron street margot	ks-handbags-satchels	20161129	37	12830.875658	346.7804231891892
(not set)	make magic rabbit small maise	ks-handbags-satchels	20161129	37	12830.875658	346.7804231891892
ecomm_dec16_sale_dotd	orchard street small natalya	ks-pink-light-special	20161205	37	12830.875658	346.7804231891892
(not set)	cameron street stacy	ks-accessories-wallets	20161129	113	12456.905145	110.23809862831858
(not set)	cameron street perforated candace satchel	ks-sale-handbags-wallets	20161129	61	11993.392395	196.6129900819672
(not set)	reservoir road carolyn	ks-handbags-cross-body	20161129	84	11798.506353	149.3481816835443
generic	cedar street small hayden	ks-sale-handbags-wallets	20161129	71	11313.924842	471.41353508333333
(not set)	cameron street large lucie	ks-handbags-totes	20161129	34	11229.649796	330.2838175294118
deeplink	orchard street small natalya	ks-pink-light-special	20161204	32	10997.893421	343.68416940625
general-45432	orchard street small natalya	ks-pink-light-special	20161204	32	10997.893421	343.68416940625
(not set)	cedar street medium harmony	ks-handbags-shoulder-bags	20161129	37	10987.359041	296.95564975675677
(not set)	keds for kate spade new york glitter sneakers	ks-shoes-sneakers	20161129	129	10323.693058	81.9340718888889
11282016_cybermondayreminderpm	reservoir road carolyn	ks-handbags-cross-body	20161129	74	10323.693058	139.50936564864864
(not set)	cameron street neema	ks-sale-handbags-wallets	20161129	47	10299.990702	219.14873834042552
(not set)	cameron street mini candace	ks-sale-handbags-wallets	20161129	55	10089.303089	183.44187434545455
12062016_newarrivals_v2	orchard street small natalya	ks-pink-light-special	20161206	29	10081.402303	347.6345621724138
(not set)	cedar street jensen	ks-handbags-totes	20161204	26	9954.989735	382.8842205769231
(not set)	cameron street byrdie	ks-handbags-cross-body	20161129	32	9417.736321	294.30426003125
12062016_newarrivals_v1	orchard street small natalya	ks-pink-light-special	20161206	26	9164.911185	352.49658403846155
(not set)	leonard street mariel	ks-handbags-totes	20161129	24	8959.490761	373.3121150416667
(not set)	cameron street lacey	ks-accessories-wallets	20161205	47	8912.086048	189.61885208510637
(not set)	cameron street stacy	ks-sale-handbags-wallets	20161129	113	8719.833601	77.16666903539823
(not set)	cedar street karolina	ks-accessories-wallets	20161129	87	8690.864054	131.67975839393938
12042016_dotdsmallnatalya	orchard street small natalya	ks-pink-light-special	20161206	24	8248.420066	343.6841694166667
dw_mailinglist_promo_welcome	orchard street small natalya	ks-pink-light-special	20161204	24	8248.420066	343.6841694166667
emailsignup	orchard street small natalya	ks-pink-light-special	20161204	24	8248.420066	343.6841694166667
brand | kate spade	cedar street cami	ks-handbags-cross-body	20161129	55	8185.213782	154.43799588679246
(not set)	cedar street magnolia	ks-sale-handbags-wallets	20161129	71	8106.205927	114.17191446478874
(not set)	cameron street candace satchel	ks-handbags-satchels	20161130	21	7963.991788	379.23770419047617
(not set)	cedar street jensen	ks-handbags-totes	20161130	21	7963.991788	379.23770419047617
(not set)	cedar street maise	ks-handbags-satchels	20161130	26	7848.113601	301.85052311538465
(not set)	cedar street maise	ks-handbags-satchels	20161204	26	7848.113601	301.85052311538465
(not set)	classic nylon lyla weekender	ks-travel-bags	20161129	26	7848.113601	301.85052311538465
brand | kate spade	cameron street lane	ks-handbags-cross-body	20161129	34	7805.976078	229.58753170588233
(not set)	cobble hill mini toddy	ks-sale-handbags-wallets	20161129	55	7687.464295	139.7720780909091
(not set)	cherry street small phoebe	ks-handbags-shoulder-bags	20161129	21	7542.616561	359.1722171904762
ecomm_nov16_sale_cyber_monday	reservoir road carolyn	ks-handbags-cross-body	20161129	53	7374.06647	147.4813294
(not set)	cameron street lacey	ks-sale-handbags-wallets	20161129	58	7331.928948	133.30779905454546
(not set)	classic nylon large lyla weekender	ks-travel-bags	20161129	21	7331.928948	407.329386
brand | handbags	orchard street small natalya	ks-pink-light-special	20161204	21	7331.928948	349.1394737142857
deeplink	make magic rabbit small maise	ks-handbags-satchels	20161129	21	7331.928948	349.1394737142857
generic	make magic rabbit small maise	ks-handbags-satchels	20161129	21	7331.928948	349.1394737142857
ksny_shq_abandoncart_1	orchard street small natalya	ks-pink-light-special	20161204	21	7331.928948	349.1394737142857
pjs	orchard street small natalya	ks-pink-light-special	20161204	21	7331.928948	349.1394737142857
(not set)	cameron street lane	ks-handbags-cross-body	20161205	32	7205.51638	225.172386875
(not set)	cedar street maise	ks-sale-handbags-wallets	20161129	34	7155.478071	210.45523738235295
(not set)	cedar street maise	ks-handbags-satchels	20161205	24	7063.302241	294.3042600416667
(not set)	cameron street blakely	ks-sale-handbags-wallets	20161129	34	7044.867074	207.20197276470589
(not set)	cedar street karolina	ks-sale-handbags-wallets	20161129	100	7005.363147	83.39718032142856
(not set)	cameron street lane	ks-handbags-cross-body	20161130	29	6605.056681	227.76057520689653
(not set)	cameron street small byrdie	ks-handbags-cross-body	20161129	26	6531.316017	251.2044621923077
(not set)	pine street small kori	ks-sale-handbags-wallets	20161129	34	6504.980065	191.3229430882353
brand | kate spade	cameron street lacey	ks-accessories-wallets	20161129	34	6436.506591	189.30901738235295
brand | ca | kate spade	orchard street small natalya	ks-pink-light-special	20161204	18	6415.437829	356.4132127222222
(not set)	cameron street stacy	ks-accessories-wallets	20161205	58	6373.300307	115.8781874
(not set)	cedar street maise	ks-handbags-satchels	20161202	21	6278.49088	298.9757561904762
(not set)	kate spade new york for minnie mouse mini maise	katespade-root	20161129	24	6115.20798	254.8003325
(not set)	keds for kate spade new york glitter sneakers	ks-shoes-sneakers	20161205	76	6109.94079	80.39395776315789
(not set)	cameron street candace satchel	ks-sale-handbags-wallets	20161129	24	6070.436862	252.93486925
(not set)	cameron street candace satchel	ks-handbags-satchels	20161205	16	5972.993841	373.3121150625
(not set)	cameron street candace satchel	ks-handbags-satchels	20161206	16	5972.993841	373.3121150625
(not set)	cedar street jensen	ks-handbags-totes	20161206	16	5972.993841	373.3121150625
brand | kate spade	cedar street jensen	ks-handbags-totes	20161129	16	5972.993841	373.3121150625
(not set)	cameron street lacey	ks-accessories-wallets	20161130	32	5941.390699	185.66845934375
generic	cameron street blakely	ks-sale-handbags-wallets	20161129	32	5941.390699	371.3369186875
(not set)	emerson place olivera	ks-handbags-satchels	20161129	13	5899.253176	453.78870584615385
(not set)	cobble hill mini toddy	ks-handbags-cross-body	20161129	29	5735.970276	197.7920784827586
(not set)	keds for kate spade new york glitter sneakers	ks-shoes-sneakers	20161204	71	5688.565563	80.12064173239436
(not set)	make magic rabbit in hat shoulder bag	ks-handbags-cross-body	20161129	16	5656.962421	353.5601513125
(not set)	carmel court jami	ks-sale-handbags-wallets	20161129	24	5617.458493	234.06077054166667
brand | kate spade	cameron street margot	ks-handbags-satchels	20161129	16	5498.946711	343.6841694375
dotd	orchard street small natalya	ks-pink-light-special	20161205	16	5498.946711	343.6841694375
ecomm_dec16_sale_dotd	orchard street small natalya	ks-pink-light-special	20161206	16	5498.946711	343.6841694375
generic	orchard street small natalya	ks-pink-light-special	20161206	16	5498.946711	343.6841694375
gg	orchard street small natalya	ks-pink-light-special	20161205	16	5498.946711	343.6841694375
(not set)	cedar street medium harmony	ks-handbags-shoulder-bags	20161130	18	5493.67952	305.2044177777778
(not set)	cedar street medium harmony	ks-handbags-shoulder-bags	20161204	18	5493.67952	305.2044177777778
generic	cameron street mini candace	ks-handbags-cross-body	20161129	18	5493.67952	499.42541090909094
(not set)	cedar street magnolia	ks-sale-handbags-wallets	20161130	47	5472.610759	121.61357242222223
(not set)	cedar street lacey	ks-sale-handbags-wallets	20161129	50	5288.259097	105.76518193999999
(not set)	keds for kate spade new york glitter sneakers	ks-shoes-sneakers	20161201	66	5267.190336	83.60619580952381
(not set)	cameron street small dody	ks-handbags-cross-body	20161129	26	5214.518433	200.55840126923079
generic	cameron street stacy	ks-sale-handbags-wallets	20161129	66	5069.670698	137.01812697297296
brand | kate spade	cameron street candace satchel	ks-handbags-satchels	20161129	13	4977.494867	382.8842205384616
(not set)	cameron street lacey	ks-accessories-wallets	20161206	26	4951.158916	190.42918907692308
(not set)	cobble hill small ella	ks-sale-handbags-wallets	20161129	24	4945.891725	206.078821875
(not set)	cameron street glitter small byrdie	ks-handbags-cross-body	20161129	18	4940.624535	274.4791408333333
brand | kate spade	keds for kate spade new york glitter sneakers	ks-shoes-sneakers	20161129	61	4845.815109	79.43959195081968
(not set)	orchard street arla	ks-sale-handbags-wallets	20161129	26	4766.807254	183.33874053846154
(not set)	cedar street cali	ks-sale-handbags-wallets	20161129	34	4758.906469	198.28776954166665
(not set)	cedar street medium harmony	ks-sale-handbags-wallets	20161129	24	4743.104898	197.62937075
(not set)	olive drive brigette	ks-handbags-satchels	20161129	11	4719.402541	429.03659463636365
(not set)	cedar street maise	ks-handbags-satchels	20161206	16	4708.86816	294.30426
(not set)	cameron street large stacy	ks-accessories-wallets	20161129	32	4677.265018	146.1645318125
(not set)	keds for kate spade new york glitter sneakers	ks-shoes-sneakers	20161203	58	4635.127496	79.91599131034484
(not set)	cameron street margot	ks-handbags-satchels	20161130	13	4582.455592	352.496584
12032016_rtwseparates	orchard street small natalya	ks-pink-light-special	20161204	13	4582.455592	352.496584
brand | kate spade | bing	orchard street small natalya	ks-pink-light-special	20161206	13	4582.455592	352.496584
brand-search|kate spade	orchard street small natalya	ks-pink-light-special	20161204	13	4582.455592	352.496584
deeplink	orchard street small natalya	ks-pink-light-special	20161205	13	4582.455592	352.496584
dw_reset_password	orchard street small natalya	ks-pink-light-special	20161204	13	4582.455592	352.496584
new	orchard street small natalya	ks-pink-light-special	20161204	13	4582.455592	352.496584
(not set)	orchard street hemsley	ks-sale-handbags-wallets	20161129	21	4577.188402	217.96135247619048
brand | kate spade	cedar street small hayden	ks-sale-handbags-wallets	20161129	24	4537.684474	189.07018641666664
generic	cedar street magnolia	ks-sale-handbags-wallets	20161129	40	4537.684474	141.8026398125
(not set)	metallic multi dot mini dress	ks-clothing-dresses	20161129	11	4508.714928	409.88317527272727
(not set)	cameron street lacey	ks-accessories-wallets	20161204	24	4456.043024	185.66845933333335
(not set)	cobble hill small toddy	ks-sale-handbags-wallets	20161129	21	4382.30236	208.68106476190476
brand | kate spade	scallop hinge bangle tracker	ks-accessories-wearable-tech	20161129	34	4382.30236	398.3911236363636
(not set)	cameron street mini candace	ks-sale-handbags-wallets	20161130	24	4300.660909	179.19420454166666
(not set)	cedar street cami	ks-handbags-cross-body	20161205	29	4287.492933	147.84458389655174
(not set)	cameron street byrdie	ks-sale-handbags-wallets	20161129	24	4219.019459	175.79247745833334
generic	cameron street mini candace	ks-sale-handbags-wallets	20161129	24	4219.019459	175.79247745833334
(not set)	faux fur coat	ks-clothing-outerwear	20161205	5	4203.217888	840.6435776000001
(not set)	alpaca cape sweater	ks-clothing-sweaters	20161129	11	4192.683507	524.085438375
(not set)	satin crepe flutter sleeve dress	ks-clothing-dresses	20161129	11	4192.683507	381.1530460909091
(not set)	cameron street beca	ks-accessories-wallets	20161129	47	4171.614746	88.75776055319149
brand | kate spade	cameron street perforated candace satchel	ks-sale-handbags-wallets	20161129	21	4171.614746	198.64832123809524
(not set)	scallop metro watch	ks-jewelry-watches	20161129	21	4108.408462	195.63849819047618
(not set)	cedar street card holder	ks-accessories-wallets	20161129	84	4045.202178	48.15716878571428
(not set)	keds for kate spade new york glitter sneakers	ks-shoes-sneakers	20161202	50	4003.064655	85.17158840425532
(not set)	cameron street candace satchel	ks-handbags-satchels	20161201	11	3981.995894	361.99962672727276
(not set)	cameron street candace satchel	ks-handbags-satchels	20161203	11	3981.995894	361.99962672727276
(not set)	cameron street candace satchel	ks-handbags-satchels	20161204	11	3981.995894	361.99962672727276
(not set)	cameron street havana	ks-handbags-totes	20161205	11	3981.995894	361.99962672727276
(not set)	classic nylon hildy baby bag	ks-diaper-bags	20161129	11	3981.995894	361.99962672727276
(not set)	emerson place lenia	ks-handbags	20161129	11	3981.995894	361.99962672727276
(not set)	leonard street mariel	ks-handbags-totes	20161130	11	3981.995894	361.99962672727276
11292016_cybermondayfinalhours_v2	cedar street jensen	ks-handbags-totes	20161129	11	3981.995894	361.99962672727276
brand | kate spade	cameron street candace satchel	ks-handbags-satchels	20161130	11	3981.995894	361.99962672727276
generic	cameron street candace satchel	ks-handbags-satchels	20161129	11	3981.995894	361.99962672727276
(not set)	knollwood street small annelie	ks-handbags-satchels	20161129	8	3934.591181	491.823897625
(not set)	cedar street medium harmony	ks-handbags-shoulder-bags	20161202	13	3924.0568	301.8505230769231
(not set)	saffiano laptop bag	ks-accessories-tech	20161129	13	3924.0568	301.8505230769231
brand | handbags | collection	cedar street maise	ks-handbags-satchels	20161129	13	3924.0568	301.8505230769231
(not set)	cobble hill ellen	ks-personalization-shop	20161129	16	3918.78961	244.924350625
(not set)	cameron street margot	ks-sale-handbags-wallets	20161129	16	3855.583326	240.973957875
(not set)	orchard street cambria	ks-sale-handbags-wallets	20161129	16	3855.583326	240.973957875
(not set)	cameron street mini candace	ks-sale-handbags-wallets	20161203	21	3755.50671	208.63926166666667
(not set)	cedar street cami	ks-sale-handbags-wallets	20161129	37	3750.239519	101.35782483783784
(not set)	cameron street abalene	ks-accessories-cosmetic-cases	20161129	42	3708.101997	127.86558610344827
(not set)	cedar street small hayden	ks-sale-handbags-wallets	20161130	18	3684.39964	204.6888688888889
11282016_cybermondayreminderpm	orchard street small natalya	ks-pink-light-special	20161204	11	3665.964474	333.2694976363636
12022016_ssbounceback	orchard street small natalya	ks-pink-light-special	20161204	11	3665.964474	333.2694976363636
KSP Ongoing	orchard street small natalya	ks-pink-light-special	20161206	11	3665.964474	333.2694976363636
bx_mailinglist_promo_email	orchard street small natalya	ks-pink-light-special	20161205	11	3665.964474	333.2694976363636
deeplink	orchard street small natalya	ks-pink-light-special	20161206	11	3665.964474	333.2694976363636
emailsignup	orchard street small natalya	ks-pink-light-special	20161205	11	3665.964474	333.2694976363636
(not set)	cameron street perforated candace satchel	ks-sale-handbags-wallets	20161206	18	3650.162903	202.78682794444444
brand | kate spade	cameron street small dody	ks-handbags-cross-body	20161129	18	3650.162903	202.78682794444444
(not set)	cameron street tavy	ks-sale-handbags-wallets	20161129	53	3634.361332	68.57285532075473
(not set)	cedar street small hayden	ks-sale-handbags-wallets	20161202	18	3600.124595	200.00692194444446
(not set)	bow fit and flare dress	ks-clothing-dresses	20161129	8	3539.551906	442.44398825
(not set)	cedar street cami	ks-handbags-cross-body	20161204	24	3507.948764	146.16453183333334
deeplink	cameron street blakely	ks-sale-handbags-wallets	20161129	18	3465.811241	192.54506894444444
(not set)	holland skinny strap watch	ks-jewelry-watches	20161129	18	3436.841694	190.93564966666665
(not set)	cedar street medium harmony	ks-sale-handbags-wallets	20161130	16	3413.139338	213.321208625
(not set)	emerson place phoebe	ks-handbags-shoulder-bags	20161129	8	3381.536196	422.6920245
brand | kate spade	emerson place phoebe	ks-handbags-shoulder-bags	20161129	8	3381.536196	422.6920245
(not set)	cameron street neema	ks-sale-handbags-wallets	20161206	16	3368.36822	210.52301375
(not set)	magnolia park large laurel	ks-sale-handbags-wallets	20161129	18	3355.200244	186.40001355555555
brand | kate spade	reservoir road carolyn	ks-handbags-cross-body	20161129	24	3318.329912	138.26374633333333
deeplink	cameron street mini candace	ks-sale-handbags-wallets	20161129	18	3281.459579	182.30330994444444
deeplink	cameron street neema	ks-sale-handbags-wallets	20161129	16	3270.925199	204.4328249375
(not set)	kate spade new york for minnie mouse francis	katespade-root	20161129	13	3265.658008	251.20446215384615
(not set)	cameron street stacy	ks-accessories-wallets	20161130	29	3186.650153	109.88448803448276
brand | kate spade	cameron street stacy	ks-accessories-wallets	20161129	29	3186.650153	109.88448803448276
(not set)	cameron street blakely	ks-sale-handbags-wallets	20161205	16	3173.482177	198.3426360625
(not set)	cedar street karolina	ks-accessories-wallets	20161205	32	3160.314202	98.7598188125
11292016_cybermondaylastday	keds for kate spade new york glitter sneakers	ks-shoes-sneakers	20161129	40	3160.314202	79.00785505
098689933511	wellesley camryn	ks-sale-handbags-wallets	20161129	29	3157.680606	108.88553813793104
(not set)	blot dot v-neck dress	ks-clothing-dresses	20161129	8	3144.512631	1048.170877
(not set)	cameron street holly	ks-handbags-satchels	20161129	8	3144.512631	393.064078875
(not set)	cobble hill kiernan	ks-handbags-shoulder-bags	20161129	8	3144.512631	393.064078875
(not set)	dress the part theater bag	ks-handbags-satchels	20161129	8	3144.512631	393.064078875
(not set)	emerson place dewy	ks-handbags-shoulder-bags	20161129	8	3144.512631	393.064078875
(not set)	cameron street mini candace	ks-handbags-cross-body	20161130	11	3139.24544	285.38594909090904
(not set)	cameron street small neema	ks-travel-bags	20161129	11	3139.24544	285.38594909090904
(not set)	cedar street maise	ks-handbags-satchels	20161201	11	3139.24544	285.38594909090904
(not set)	cedar street medium harmony	ks-handbags-shoulder-bags	20161205	11	3139.24544	285.38594909090904
(not set)	make magic rabbit cali	ks-handbags-clutches	20161129	11	3139.24544	285.38594909090904
(not set)	saffiano laptop bag	ks-accessories-tech	20161206	11	3139.24544	285.38594909090904
11292016_cybermondayfinalhours_v1	cedar street maise	ks-handbags-satchels	20161129	11	3139.24544	285.38594909090904
brand | kate spade	cameron street byrdie	ks-handbags-cross-body	20161129	11	3139.24544	285.38594909090904
brand | kate spade	cameron street mini candace	ks-handbags-cross-body	20161129	11	3139.24544	285.38594909090904
generic	cedar street maise	ks-handbags-satchels	20161206	11	3139.24544	285.38594909090904
generic	cameron street perforated candace satchel	ks-sale-handbags-wallets	20161129	16	3128.71106	195.54444125
(not set)	carmel court jami	ks-sale-handbags-wallets	20161130	13	3120.810274	240.0623287692308
contentnl	cedar street cami	ks-handbags-cross-body	20161130	21	3118.176679	194.8860424375
(not set)	hawthorne lane confetti dot micah	ks-accessories-cosmetic-cases	20161129	18	3097.107918	172.061551
brand | kate spade	hawthorne lane confetti dot micah	ks-accessories-cosmetic-cases	20161129	18	3097.107918	281.55526527272724
(not set)	lita street andrea	ks-sale-handbags-wallets	20161129	34	3081.306347	90.62665726470588
(not set)	cedar street floral stacy	ks-sale-handbags-wallets	20161129	58	3054.970395	52.67190336206897
(not set)	scallop hinge bangle tracker	ks-accessories-wearable-tech	20161204	24	3033.901634	233.37704876923078
brand | kate spade	cameron street abalene	ks-accessories-cosmetic-cases	20161129	34	3012.832872	231.75637476923077
(not set)	cameron street glitter sima	ks-handbags-cameron-street	20161129	13	3002.298491	230.94603776923077
(not set)	cameron street lane	ks-handbags-cross-body	20161203	13	3002.298491	230.94603776923077
(not set)	cameron street lane	ks-handbags-cross-body	20161204	13	3002.298491	230.94603776923077
(not set)	cedar street maia travel wallet	ks-accessories-travel-accessories	20161129	13	3002.298491	230.94603776923077
(not set)	emerson place small ryley	ks-sale-handbags-wallets	20161129	13	2989.130516	271.7391378181818
(not set)	cameron street candace satchel	ks-handbags-satchels	20161202	8	2986.49692	373.312115
(not set)	cameron street havana	ks-handbags-totes	20161201	8	2986.49692	373.312115
(not set)	cameron street havana	ks-handbags-totes	20161203	8	2986.49692	373.312115
(not set)	cameron street havana	ks-handbags-totes	20161206	8	2986.49692	373.312115
(not set)	cedar street jensen	ks-handbags-totes	20161201	8	2986.49692	373.312115
(not set)	cedar street jensen	ks-handbags-totes	20161202	8	2986.49692	373.312115
(not set)	cedar street jensen	ks-handbags-totes	20161203	8	2986.49692	373.312115
(not set)	emerson place ginnie	ks-travel-bags	20161129	8	2986.49692	373.312115
(not set)	leonard street mariel	ks-handbags-totes	20161201	8	2986.49692	373.312115
(not set)	leonard street mariel	ks-handbags-totes	20161204	8	2986.49692	373.312115
(not set)	leonard street mariel	ks-handbags-totes	20161205	8	2986.49692	373.312115
brand | handbags	cameron street candace satchel	ks-handbags-satchels	20161129	8	2986.49692	373.312115
brand | handbags	cedar street jensen	ks-handbags-totes	20161129	8	2986.49692	373.312115
brand | kate spade	cameron street candace satchel	ks-handbags-satchels	20161202	8	2986.49692	373.312115
brand | kate spade	cameron street havana	ks-handbags-totes	20161129	8	2986.49692	373.312115
brand | kate spade	cedar street jensen	ks-handbags-totes	20161130	8	2986.49692	373.312115
brand | kate spade	leonard street mariel	ks-handbags-totes	20161129	8	2986.49692	373.312115
(not set)	cedar street small hayden	ks-sale-handbags-wallets	20161206	16	2981.22973	186.326858125
(not set)	cameron street lacey	ks-accessories-wallets	20161202	16	2970.695349	185.6684593125
(not set)	cameron street lacey	ks-accessories-wallets	20161203	16	2970.695349	185.6684593125
(not set)	murray street shoshanna	ks-sale-handbags-wallets	20161129	16	2907.489065	181.7180665625
(not set)	on purpose nylon tote	ks-handbags-totes	20161129	21	2907.489065	138.45186023809524
(not set)	cameron street stacy	ks-accessories-wallets	20161206	26	2896.954685	111.42133403846154
(not set)	eden lane lacey	ks-sale-handbags-wallets	20161129	32	2875.885923	99.16848010344827
(not set)	magnolia park large laurel	ks-sale-handbags-wallets	20161130	16	2875.885923	179.7428701875
(not set)	orchard street lacey	ks-accessories-wallets	20161129	13	2870.618733	220.8168256153846
(not set)	cameron street stacy	ks-sale-handbags-wallets	20161130	37	2839.015591	76.7301511081081
(not set)	cameron street mega margot	ks-sale-handbags-wallets	20161206	11	2828.48121	257.13465545454545
(not set)	make magic rabbit hallie	ks-handbags-totes	20161129	8	2828.48121	353.56015125
(not set)	orchard street maya	ks-handbags-totes	20161129	8	2828.48121	353.56015125
(not set)	orchard street maya	ks-handbags-totes	20161204	8	2828.48121	353.56015125
(not set)	cedar street small hayden	ks-sale-handbags-wallets	20161204	16	2815.313235	175.9570771875
(not set)	cameron street byrdie	ks-sale-handbags-wallets	20161130	16	2812.679639	216.35997223076922
(not set)	cedar street carine	ks-handbags-cross-body	20161205	16	2812.679639	255.698149
(not set)	cedar street iphone wristlet	ks-accessories-tech	20161129	24	2796.878068	116.53658616666667
(not set)	cameron street adalyn	ks-accessories-wallets	20161129	32	2781.076497	86.90864053125
generic	encore rose chiffon dress	ks-sale-clothing	20161129	8	2757.374141	344.671767625
(not set)	cameron street margot	ks-handbags-satchels	20161204	8	2749.473355	343.684169375
(not set)	cameron street margot	ks-handbags-satchels	20161205	8	2749.473355	343.684169375
(not set)	cobble hill charley	ks-personalization-shop	20161130	8	2749.473355	343.684169375
(not set)	make magic rabbit small maise	ks-handbags-satchels	20161130	8	2749.473355	343.684169375
bx_mailinglist_promo_email	orchard street small natalya	ks-pink-light-special	20161206	8	2749.473355	343.684169375
dw_mailinglist_promo_welcome	orchard street small natalya	ks-pink-light-special	20161206	8	2749.473355	343.684169375
dw_reset_password	orchard street small natalya	ks-pink-light-special	20161205	8	2749.473355	343.684169375
dw_welcome_email_ss_0513	orchard street small natalya	ks-pink-light-special	20161204	8	2749.473355	343.684169375
ecomm_dpas	orchard street small natalya	ks-pink-light-special	20161204	8	2749.473355	343.684169375
fbpagecta	orchard street small natalya	ks-pink-light-special	20161204	8	2749.473355	343.684169375
freeshipping	orchard street small natalya	ks-pink-light-special	20161204	8	2749.473355	343.684169375
gg	orchard street small natalya	ks-pink-light-special	20161204	8	2749.473355	343.684169375
home	orchard street small natalya	ks-pink-light-special	20161204	8	2749.473355	343.684169375
ksny_shq_abandonbrowse_generic	orchard street small natalya	ks-pink-light-special	20161205	8	2749.473355	343.684169375
pla	orchard street small natalya	ks-pink-light-special	20161204	8	2749.473355	343.684169375
(not set)	cedar street cami	ks-handbags-cross-body	20161202	18	2728.404594	151.578033
(not set)	cedar street cami	ks-handbags-cross-body	20161203	18	2728.404594	170.525287125
(not set)	cobble hill marsala	ks-handbags-cross-body	20161130	11	2717.870213	247.0791102727273
(not set)	scallop hinge bangle tracker	ks-accessories-wearable-tech	20161201	21	2696.801452	168.55009075
(not set)	cameron street blakely	ks-sale-handbags-wallets	20161202	13	2678.366286	206.02817584615386
(not set)	cedar street small hayden	ks-sale-handbags-wallets	20161201	13	2662.564715	204.8126703846154
(not set)	black and rose hybrid smart watch	ks-accessories-wearable-tech	20161202	11	2633.595168	239.41774254545453
(not set)	pin dot chiffon shirtdress	ks-dresses-evening	20161202	5	2623.060787	524.6121574
brand | kate spade	metallic multi dot dress	ks-clothing-dresses	20161130	5	2623.060787	524.6121574
(not set)	cameron street beca	ks-sale-handbags-wallets	20161129	42	2612.526407	62.20300969047619
(not set)	classic nylon daveney laptop bag	ks-accessories-tech	20161129	11	2612.526407	326.565800875
(not set)	leonard street letty	ks-handbags-cross-body	20161129	11	2612.526407	237.50240063636363
(not set)	cameron street stacy	ks-accessories-wallets	20161202	24	2607.259216	108.63580066666667
(not set)	neoprene daveney 15‚Äù laptop case	ks-handbags-shoulder-bags	20161129	13	2607.259216	200.55840123076922
(not set)	everpurse x kate spade new york zana	ks-handbags-cross-body	20161204	8	2591.457645	863.819215
(not set)	everpurse x kate spade new york zana	ks-handbags-cross-body	20161205	8	2591.457645	323.932205625
(not set)	sabina boots	ks-shoes-boots	20161129	8	2591.457645	323.932205625
(not set)	cedar street stripe maise	ks-sale-handbags-wallets	20161129	13	2580.923265	198.53255884615385
(not set)	cobble hill maris	ks-sale-handbags-wallets	20161129	11	2570.388884	233.67171672727272
brand | kate spade	cameron street margot	ks-sale-handbags-wallets	20161129	11	2570.388884	233.67171672727272
(not set)	cameron street beca	ks-accessories-wallets	20161130	29	2549.320123	98.05077396153847
(not set)	cameron street tavy	ks-sale-handbags-wallets	20161130	37	2544.052932	106.0022055
brand | kate spade	james street mason	ks-sale-handbags-wallets	20161129	8	2536.152147	317.019018375
(not set)	keds for kate spade new york glitter sneakers	ks-shoes-sneakers	20161130	32	2528.251361	79.00785503125
(not set)	out to lunch tote	ks-home-odds-and-ends-refresh	20161129	84	2528.251361	35.60917409859155
(not set)	jazz things up boom box bag	ks-sale-handbags-wallets	20161129	11	2517.716981	228.8833619090909
08162016_specialtybb	cedar street small hayden	ks-sale-handbags-wallets	20161129	13	2501.91541	312.73942625
(not set)	cameron street metallic cami	ks-handbags-cross-body	20161129	16	2496.648219	156.0405136875
brand | kate spade	cedar street iphone wristlet	ks-accessories-tech	20161129	21	2486.113839	118.38637328571428
(not set)	cameron street stacy	ks-sale-handbags-wallets	20161205	32	2433.441935	83.91179086206897
(not set)	cameron street stacy	ks-sale-handbags-wallets	20161206	32	2433.441935	76.04506046875
(not set)	cedar street small hayden	ks-sale-handbags-wallets	20161203	13	2422.907555	186.3775042307692
(not set)	cameron street lane	ks-handbags-cross-body	20161206	11	2401.838793	218.34898118181817
(not set)	crescent street lacey	ks-accessories-wallets	20161129	11	2401.838793	218.34898118181817
dw_reset_password	orchard street arla	ks-sale-handbags-wallets	20161129	13	2383.403627	183.33874053846154
(not set)	cameron street small blakely	ks-sale-handbags-wallets	20161129	11	2375.502842	215.9548038181818
(not set)	gramercy grand watch	ks-jewelry-watches	20161205	11	2370.235651	296.279456375
(not set)	leather moto jacket	ks-clothing-outerwear	20161203	3	2364.968461	788.3228203333334
(not set)	leather moto jacket	ks-clothing-outerwear	20161205	3	2364.968461	788.3228203333334
11292016_cybermondayfinalhours_v2	jia dress	ks-clothing-dresses	20161129	3	2364.968461	788.3228203333334
generic	clarisa dress	ks-clothing-dresses-view-all	20161129	3	2364.968461	788.3228203333334
(not set)	bow fit and flare dress	ks-clothing-dresses	20161202	5	2359.701271	471.94025419999997
(not set)	classic nylon international carry-on	ks-travel-bags	20161201	5	2359.701271	471.94025419999997
(not set)	heart of gold idiom bangle	ks-jewelry-bracelets	20161129	74	2359.701271	35.753049560606065
(not set)	olive drive brigette	ks-handbags-satchels	20161130	5	2359.701271	471.94025419999997
(not set)	olive drive savannah	ks-handbags-totes	20161129	5	2359.701271	471.94025419999997
(not set)	shimmer tweed dress	ks-clothing-dresses	20161129	5	2359.701271	471.94025419999997
(not set)	stripe peacoat	ks-clothing-outerwear	20161205	5	2359.701271	471.94025419999997
generic	shimmer tweed dress	ks-clothing-dresses	20161129	5	2359.701271	471.94025419999997
(not set)	13 inch saffiano bag	ks-accessories-tech	20161129	8	2354.43408	294.30426
(not set)	cameron street byrdie	ks-handbags-cross-body	20161204	8	2354.43408	470.886816
(not set)	cedar street maise	ks-handbags-satchels	20161203	8	2354.43408	294.30426
(not set)	cedar street medium harmony	ks-handbags-shoulder-bags	20161201	8	2354.43408	294.30426
(not set)	classic nylon lyla weekender	ks-travel-bags	20161206	8	2354.43408	294.30426
(not set)	healy lane lilith	ks-handbags-cross-body	20161205	8	2354.43408	294.30426
(not set)	jones street reversible posey	ks-handbags-totes	20161204	8	2354.43408	294.30426
(not set)	leonard street mini mariel	ks-handbags-cross-body	20161205	8	2354.43408	294.30426
brand | kate spade	cameron street small neema	ks-travel-bags	20161129	8	2354.43408	294.30426
brand | kate spade	cedar street medium harmony	ks-handbags-shoulder-bags	20161129	8	2354.43408	294.30426
brand | kate spade	saffiano laptop bag	ks-accessories-tech	20161129	8	2354.43408	294.30426
brand | kate spade	saffiano laptop bag	ks-accessories-tech	20161204	8	2354.43408	470.886816
cm	cedar street maise	ks-handbags-satchels	20161129	8	2354.43408	294.30426
deeplink	cedar street maise	ks-handbags-satchels	20161129	8	2354.43408	294.30426
(not set)	cedar street cami	ks-handbags-cross-body	20161201	16	2338.632509	146.1645318125
brand | kate spade	cameron street large stacy	ks-accessories-wallets	20161129	16	2338.632509	146.1645318125
brand | kate spade	cedar street cami	ks-handbags-cross-body	20161130	16	2338.632509	179.8948083846154
generic	cedar street perforated tayler	ks-sale-handbags-wallets	20161129	16	2338.632509	146.1645318125
(not set)	cameron street lacey	ks-sale-handbags-wallets	20161203	18	2328.098128	129.3387848888889
(not set)	cameron street adalyn	ks-accessories-wallets	20161201	26	2317.563748	110.36017847619048
(not set)	cameron street stacy	ks-accessories-wallets	20161203	21	2317.563748	110.36017847619048
(not set)	cameron street travel passport holder	ks-accessories-travel-accessories	20161129	26	2317.563748	89.13706723076923
(not set)	holland skinny bracelet watch	ks-jewelry-watches	20161205	11	2291.227796	208.293436
(not set)	cameron street lacey	ks-sale-handbags-wallets	20161130	18	2275.426225	126.41256805555555
(not set)	emerson place phoebe	ks-handbags-shoulder-bags	20161205	5	2254.357464	450.8714928
(not set)	mixed lace shift dress	ks-clothing-dresses-view-all	20161129	5	2254.357464	450.8714928
(not set)	sequin dot dress	ks-clothing-dresses	20161129	5	2254.357464	450.8714928
(not set)	polka dot faux fur coat	ks-clothing-outerwear	20161201	3	2233.288702	744.4295673333334
(not set)	polka dot faux fur coat	ks-clothing-outerwear	20161205	3	2233.288702	744.4295673333334
(not set)	reservoir road carolyn	ks-sale-handbags-wallets	20161203	16	2212.219941	201.11090372727273
(not set)	reservoir road carolyn	ks-sale-handbags-wallets	20161205	16	2212.219941	170.17076469230767
(not set)	ring it up ring holder	ks-jewelry-boxes-holders-and-trays	20161201	74	2212.219941	122.90110783333333
(not set)	cedar street maise	ks-sale-handbags-wallets	20161203	11	2201.68556	200.15323272727272
(not set)	cedar street maise	ks-sale-handbags-wallets	20161205	11	2201.68556	200.15323272727272
(not set)	cobble hill small ella	ks-sale-handbags-wallets	20161202	11	2201.68556	200.15323272727272
(not set)	lily avenue patent carrigan	ks-sale-handbags-wallets	20161129	11	2201.68556	200.15323272727272
08162016_specialtybb	cedar street maise	ks-sale-handbags-wallets	20161129	11	2201.68556	733.8951866666666
098689942032	cedar street maise	ks-sale-handbags-wallets	20161203	11	2201.68556	200.15323272727272
(not set)	cameron street large lane	ks-handbags-satchels	20161205	8	2196.41837	274.55229625
(not set)	cedar street cali	ks-sale-handbags-wallets	20161201	16	2196.41837	274.55229625
(not set)	cameron street blakely	ks-sale-handbags-wallets	20161130	11	2183.250394	198.47730854545452
098689967479	cameron street neema	ks-sale-handbags-wallets	20161129	11	2180.616799	198.23789081818182
brand | kate spade	cedar street iphone wristlet	ks-accessories-tech	20161204	18	2175.349609	197.75905536363638
(not set)	fur collar chunky plaid coat	ks-sale-clothing	20161129	3	2170.082418	723.360806
716454020661	fur collar chunky plaid coat	ks-sale-clothing	20161129	3	2170.082418	723.360806
(not set)	large black stripe 17 month agenda	ks-sale-home	20161129	103	2156.914443	24.792120034482757
(not set)	cedar street hayden	ks-sale-handbags-wallets	20161129	11	2127.944896	193.449536
(not set)	cedar street karolina	ks-accessories-wallets	20161130	21	2106.876134	100.32743495238095
(not set)	keds for kate spade new york glitter sneakers	ks-shoes-sneakers	20161206	26	2106.876134	81.03369746153847
(not set)	small square studs	ks-jewelry-earrings	20161129	55	2101.608944	38.21107170909091
(not set)	classic nylon stevie baby bag	ks-handbags-view-all	20161129	5	2096.341754	419.2683508
(not set)	cobble hill kiernan	ks-handbags-shoulder-bags	20161204	5	2096.341754	419.2683508
(not set)	cove street provence	ks-sale-handbags-wallets	20161129	11	2096.341754	190.5765230909091
(not set)	embellished shift dress	ks-clothing-dresses	20161129	5	2096.341754	419.2683508
(not set)	orchard street elowen	ks-handbags-satchels	20161129	5	2096.341754	419.2683508
(not set)	sequin fringe swing dress	ks-clothing-dresses-view-all	20161130	5	2096.341754	419.2683508
11292016_cybermondayfinalhours_v2	orchard street elowen	ks-handbags-satchels	20161129	5	2096.341754	419.2683508
(not set)	cameron street havana	ks-sale-handbags-wallets	20161129	8	2093.708159	261.713519875
(not set)	cameron street mega margot	ks-sale-handbags-wallets	20161204	8	2093.708159	261.713519875
(not set)	smith street zanna	ks-sale-handbags-wallets	20161205	8	2093.708159	261.713519875
brand | kate spade	cameron street havana	ks-sale-handbags-wallets	20161129	8	2093.708159	261.713519875
(not set)	cameron street sima	ks-handbags-clutches	20161129	11	2085.807373	189.6188520909091
(not set)	cameron street small dody	ks-handbags-cross-body	20161130	11	2085.807373	260.725921625
(not set)	cameron street small dody	ks-handbags-cross-body	20161202	11	2085.807373	189.6188520909091
(not set)	cameron street small dody	ks-handbags-cross-body	20161203	11	2085.807373	189.6188520909091
(not set)	cobble hill mini toddy	ks-handbags-cross-body	20161202	11	2085.807373	189.6188520909091
11292016_cybermondaylastday	cameron street perforated candace satchel	ks-sale-handbags-wallets	20161129	11	2085.807373	189.6188520909091
brand | kate spade	cameron street perforated candace satchel	ks-sale-handbags-wallets	20161130	11	2085.807373	189.6188520909091
brand | kate spade	cameron street sima	ks-handbags-clutches	20161129	11	2085.807373	189.6188520909091
brand | kate spade	cobble hill mini toddy	ks-handbags-cross-body	20161129	11	2085.807373	189.6188520909091
brand | kate spade	pleated twill skirt	ks-clothing-skirts	20161129	11	2085.807373	189.6188520909091
(not set)	cameron street candace satchel	ks-sale-handbags-wallets	20161204	8	2072.639397	259.079924625
(not set)	burgess court glitter stacy	katespade-root	20161129	21	2064.738612	98.32088628571428
(not set)	cameron street plaid byrdie	ks-sale-handbags-wallets	20161129	11	2054.204231	186.74583918181818
(not set)	cedar street magnolia	ks-sale-handbags-wallets	20161206	18	2054.204231	114.12245727777777
(not set)	dot everyday dress	ks-clothing-dresses	20161205	8	2054.204231	256.775528875
(not set)	scallop metro watch	ks-jewelry-watches	20161203	11	2054.204231	186.74583918181818
12052016_firstlookdecnewarrivals	dot everyday dress	ks-clothing-dresses	20161205	8	2054.204231	256.775528875
brand | kate spade	cedar street small hayden	ks-sale-handbags-wallets	20161130	11	2041.036255	185.54875045454546
ksny_shq_abandoncart_2	cedar street small hayden	ks-sale-handbags-wallets	20161130	11	2041.036255	255.129531875
(not set)	cobble hill marsala	ks-handbags-cross-body	20161129	8	2038.40266	254.8003325
(not set)	cobble hill marsala	ks-handbags-cross-body	20161203	8	2038.40266	254.8003325
(not set)	kate spade new york for minnie mouse mini maise	katespade-root	20161202	8	2038.40266	254.8003325
098689923703	kate spade new york for minnie mouse mini maise	katespade-root	20161129	8	2038.40266	254.8003325
11292016_cybermondayfinalhours_v1	kate spade new york for minnie mouse mini maise	katespade-root	20161129	8	2038.40266	254.8003325
(not set)	cedar street magnolia	ks-sale-handbags-wallets	20161205	18	2035.769065	113.09828138888889
(not set)	cameron street lacey	ks-sale-handbags-wallets	20161204	16	2033.13547	127.070966875
(not set)	cameron street lacey	ks-sale-handbags-wallets	20161206	16	2033.13547	127.070966875
(not set)	cedar street medium harmony	ks-sale-handbags-wallets	20161204	11	2033.13547	184.83049727272729
08162016_specialtybb	cedar street medium harmony	ks-sale-handbags-wallets	20161129	11	2033.13547	677.7118233333334
(not set)	cameron street stacy	ks-accessories-wallets	20161204	18	2027.868279	112.65934883333333
(not set)	cameron street stacy	ks-sale-handbags-wallets	20161204	26	2027.868279	77.9949338076923
(not set)	leather iphone 6 wrap folio	ks-accessories-tech	20161129	29	2027.868279	69.92649237931035
(not set)	it&#39;s a tie bow studs	katespade-root	20161129	42	2022.601089	48.15716878571428
(not set)	scallop hinge bangle tracker	ks-accessories-wearable-tech	20161205	16	2022.601089	155.58469915384615
cm	anderson way lietta	ks-sale-handbags-wallets	20161130	5	2022.601089	404.5202178
newmarkdowns213	anderson way lietta	ks-sale-handbags-wallets	20161205	5	2022.601089	404.5202178
(not set)	browning lane kathrina	ks-sale-handbags-wallets	20161202	5	2017.333899	403.46677980000004
(not set)	fur collar chunky plaid coat	ks-sale-clothing	20161205	3	2017.333899	672.444633
098689933511	wellesley camryn	ks-sale-handbags-wallets	20161204	18	2009.433113	154.57177792307692
(not set)	cedar street magnolia	ks-sale-handbags-wallets	20161202	18	2006.799518	111.4888621111111
(not set)	cameron street havana	ks-handbags-totes	20161130	5	1990.997947	398.1995894
(not set)	classic nylon hildy baby bag	ks-diaper-bags	20161130	5	1990.997947	398.1995894
(not set)	classic nylon hildy baby bag	ks-diaper-bags	20161201	5	1990.997947	398.1995894
(not set)	emerson place lenia	ks-handbags	20161202	5	1990.997947	398.1995894
(not set)	everpurse x kate spade new york small harmony	ks-handbags-totes	20161129	5	1990.997947	398.1995894
(not set)	leonard street mariel	ks-handbags-totes	20161206	5	1990.997947	398.1995894
11292016_cybermondayfinalhours_v1	cameron street candace satchel	ks-handbags-satchels	20161129	5	1990.997947	398.1995894
12062016_newarrivals_v2	disney miss piggy collection by kate spade new york who moi hallie	ks-handbags-totes	20161206	5	1990.997947	398.1995894
brand | handbags	cameron street havana	ks-handbags-totes	20161206	5	1990.997947	398.1995894
brand | handbags | collection	cedar street jensen	ks-handbags-totes	20161129	5	1990.997947	398.1995894
brand | kate spade	emerson place lenia	ks-handbags	20161129	5	1990.997947	398.1995894
brand | kate spade	healy lane lawrie	ks-handbags-shoulder-bags	20161205	5	1990.997947	398.1995894
bx_mailinglist_promo_email	cameron street candace satchel	ks-handbags-satchels	20161206	5	1990.997947	398.1995894
deeplink	cameron street candace satchel	ks-handbags-satchels	20161129	5	1990.997947	398.1995894
deeplink	leonard street mariel	ks-handbags-totes	20161130	5	1990.997947	398.1995894
(not set)	cameron street mega margot	ks-sale-handbags-wallets	20161130	8	1983.097161	247.887145125
(not set)	black and rose hybrid smart watch	ks-accessories-wearable-tech	20161206	8	1975.196376	246.899547
(not set)	corina flats	ks-shoes-flats	20161205	8	1975.196376	246.899547
(not set)	vachetta and gold hybrid smart watch	ks-accessories-wearable-tech	20161202	8	1975.196376	246.899547
bx_mailinglist_promo_email	vachetta and gold hybrid smart watch	ks-accessories-wearable-tech	20161202	8	1975.196376	246.899547
generic	jewel button puffer coat	ks-clothing-outerwear	20161204	3	1969.929186	656.643062
(not set)	cedar street hayden	ks-sale-handbags-wallets	20161206	8	1964.661995	245.582749375
(not set)	classic nylon daveney laptop bag	ks-accessories-tech	20161130	8	1959.394805	244.924350625
(not set)	cameron street large stacy	ks-accessories-wallets	20161205	13	1948.860424	149.91234030769232
(not set)	cedar street cami	ks-handbags-cross-body	20161130	13	1948.860424	149.91234030769232
(not set)	cedar street cami	ks-handbags-cross-body	20161206	13	1948.860424	149.91234030769232
(not set)	holland skinny strap watch	ks-jewelry-watches	20161206	11	1948.860424	177.16912945454547
11292016_cybermondayfinalhours_v1	cedar street cami	ks-handbags-cross-body	20161129	13	1948.860424	149.91234030769232
brand | kate spade	cedar street cami	ks-handbags-cross-body	20161203	13	1948.860424	149.91234030769232
(not set)	silk shift dress	ks-dresses-wear-to-work	20161130	5	1938.326044	387.6652088
11292016_cybermondaylastday	murray street shoshanna	ks-sale-handbags-wallets	20161129	11	1938.326044	387.6652088
generic	inga heels	ks-sale-shoes	20161129	8	1935.692448	241.961556
(not set)	cameron street margot	ks-sale-handbags-wallets	20161203	8	1927.791663	240.973957875
generic	cameron street margot	ks-sale-handbags-wallets	20161129	8	1927.791663	240.973957875
(not set)	cedar street harmony crossbody	ks-sale-handbags-wallets	20161206	11	1917.257282	174.29611654545454
(not set)	orchard street arla	ks-sale-handbags-wallets	20161130	11	1906.722902	173.33844563636362
brand | kate spade	orchard street arla	ks-sale-handbags-wallets	20161129	11	1906.722902	173.33844563636362
deeplink	orchard street arla	ks-sale-handbags-wallets	20161129	11	1906.722902	173.33844563636362
(not set)	holland skinny bracelet watch	ks-jewelry-watches	20161130	11	1896.188521	172.38077463636364
(not set)	holland skinny strap watch	ks-jewelry-watches	20161205	11	1896.188521	172.38077463636364
11272016_cybermonday1	keds for kate spade new york glitter sneakers	ks-shoes-sneakers	20161129	24	1896.188521	118.5117825625
(not set)	dress the part mask small adrien	ks-handbags-satchels	20161129	5	1885.65414	377.130828
(not set)	orchard street maya	ks-handbags-totes	20161206	5	1885.65414	377.130828
11292016_cybermondayfinalhours_v2	make magic rabbit in hat shoulder bag	ks-handbags-cross-body	20161129	5	1885.65414	377.130828
generic	make magic rabbit in hat shoulder bag	ks-handbags-cross-body	20161129	5	1885.65414	377.130828
generic	wedding belles cake francis	ks-sale-handbags-wallets	20161129	16	1880.38695	376.07739
(not set)	cameron street mini candace	ks-sale-handbags-wallets	20161206	11	1875.11976	170.4654327272727
(not set)	cedar street carine	ks-handbags-cross-body	20161129	11	1875.11976	170.4654327272727
(not set)	cedar street dot lacey	ks-accessories-wallets	20161129	11	1875.11976	170.4654327272727
(not set)	cedar street lacey	ks-accessories-wallets	20161206	11	1875.11976	170.4654327272727
(not set)	ridge street lelie	(not set)	20161129	11	1875.11976	170.4654327272727
brand | kate spade	cameron street byrdie	ks-sale-handbags-wallets	20161129	11	1875.11976	170.4654327272727
brand | kate spade	cameron street mini candace	ks-sale-handbags-wallets	20161129	11	1875.11976	170.4654327272727
deeplink	cameron street mini candace	ks-sale-handbags-wallets	20161130	11	1875.11976	234.38997
generic	cameron street byrdie	ks-sale-handbags-wallets	20161129	11	1875.11976	170.4654327272727
(not set)	cameron street mega margot	ks-sale-handbags-wallets	20161129	8	1872.486164	234.0607705
(not set)	carmel court jami	ks-sale-handbags-wallets	20161202	8	1872.486164	234.0607705
brand | kate spade	orchard street cambria	ks-sale-handbags-wallets	20161129	8	1872.486164	234.0607705
(not set)	cedar street iphone wristlet	ks-accessories-tech	20161201	16	1864.585379	116.5365861875
(not set)	cameron street beca	ks-accessories-wallets	20161205	21	1854.050998	88.28814276190477
(not set)	mini small square studs	ks-jewelry-earrings	20161129	58	1854.050998	39.44789357446808
brand | kate spade | bing	eden lane stacy	ks-sale-handbags-wallets	20161204	21	1854.050998	370.81019960000003
(not set)	cedar street karolina	ks-accessories-wallets	20161206	18	1843.516618	102.4175898888889
(not set)	contrast rose garden rug	ks-home-rugs	20161204	3	1843.516618	614.5055393333333
(not set)	iphone crossbody	ks-accessories-tech	20161129	18	1843.516618	115.219788625
(not set)	maren heels	ks-shoes-pumps	20161201	5	1843.516618	368.70332360000003
(not set)	pax heels	(not set)	20161205	5	1843.516618	368.70332360000003
(not set)	reservoir road carolyn	ks-handbags-cross-body	20161130	13	1843.516618	230.43957725
generic	reservoir road carolyn	ks-handbags-cross-body	20161129	13	1843.516618	167.5924198181818
ksny_shq_abandonbrowse_handbags	pax heels	ks-new-arrivals-shoes	20161129	5	1843.516618	368.70332360000003
ksny_shq_abandoncheckout_1	reservoir road carolyn	ks-handbags-cross-body	20161129	13	1843.516618	167.5924198181818
(not set)	bradlie sweater	ks-clothing-sweaters	20161205	3	1838.249427	612.749809
(not set)	cobble hill haircalf adrien	ks-sale-handbags-wallets	20161129	5	1838.249427	367.64988539999996
(not set)	encore rose chiffon dress	ks-sale-clothing	20161130	5	1838.249427	367.64988539999996
(not set)	fontaine court croc margot	ks-handbags-satchels	20161129	3	1838.249427	612.749809
(not set)	knollwood street kaira	ks-handbags-shoulder-bags	20161129	3	1838.249427	612.749809
(not set)	orchard street mena	ks-sale-handbags-wallets	20161129	5	1838.249427	367.64988539999996
(not set)	sparkle tweed belted coat	ks-clothing-outerwear	20161203	3	1838.249427	612.749809
(not set)	classic nylon brynne baby bag	ks-diaper-bags	20161129	5	1832.982237	366.5964474
(not set)	classic nylon large lyla weekender	ks-handbags-shoulder-bags	20161204	5	1832.982237	366.5964474
(not set)	cobble hill charley	ks-personalization-shop	20161129	5	1832.982237	366.5964474
(not set)	fringe top	ks-clothing-tops-view-all	20161129	5	1832.982237	366.5964474
(not set)	make magic rabbit small maise	ks-handbags-satchels	20161201	5	1832.982237	366.5964474
(not set)	make magic rabbit small maise	ks-handbags-satchels	20161205	5	1832.982237	366.5964474
(not set)	make magic rabbit small maise	ks-handbags-satchels	20161206	5	1832.982237	366.5964474
(not set)	mock neck knit flounce dress	ks-clothing-dresses-view-all	20161129	5	1832.982237	366.5964474
(not set)	ridge street torrence baby backpack	ks-handbags-view-all	20161203	5	1832.982237	366.5964474
11252016_surprisesalebfpm	orchard street small natalya	ks-pink-light-special	20161204	5	1832.982237	366.5964474
11292016_cybermondaylastday	cameron street margot	ks-handbags-satchels	20161129	5	1832.982237	366.5964474
brand | handbags	cameron street margot	ks-handbags-satchels	20161129	5	1832.982237	366.5964474
brand | handbags	orchard street small natalya	ks-pink-light-special	20161205	5	1832.982237	366.5964474
brand | handbags | bing	orchard street small natalya	ks-pink-light-special	20161204	5	1832.982237	366.5964474
brand | kate spade	cameron street margot	ks-handbags-satchels	20161130	5	1832.982237	366.5964474
brand | kate spade	cameron street margot	ks-handbags-satchels	20161203	5	1832.982237	366.5964474
brand | kate spade	make magic rabbit small maise	ks-handbags-satchels	20161129	5	1832.982237	366.5964474
brand | kate spade	make magic rabbit small maise	ks-handbags-satchels	20161130	5	1832.982237	366.5964474
brand | kate spade | bing	orchard street small natalya	ks-pink-light-special	20161205	5	1832.982237	366.5964474
brand | ny	orchard street small natalya	ks-pink-light-special	20161204	5	1832.982237	366.5964474
brand | ny	orchard street small natalya	ks-pink-light-special	20161206	5	1832.982237	366.5964474
brand | sale	orchard street small natalya	ks-pink-light-special	20161204	5	1832.982237	366.5964474
brand | surprise | sale	orchard street small natalya	ks-pink-light-special	20161204	5	1832.982237	366.5964474
dw_order_cancellation	make magic rabbit small maise	ks-handbags-satchels	20161205	5	1832.982237	366.5964474
general-27247	orchard street small natalya	ks-pink-light-special	20161204	5	1832.982237	366.5964474
ksny_shq_abandoncheckout_1	make magic rabbit small maise	ks-handbags-satchels	20161129	5	1832.982237	366.5964474
ksny_shq_abandoncheckout_2	orchard street small natalya	ks-pink-light-special	20161205	5	1832.982237	366.5964474
nm	orchard street small natalya	ks-pink-light-special	20161204	5	1832.982237	366.5964474
promo-event-e17bd7a6-73fe-4c14-83a2-bd1e0a9040e3	orchard street small natalya	ks-pink-light-special	20161206	5	1832.982237	610.994079
sos	orchard street small natalya	ks-pink-light-special	20161204	5	1832.982237	366.5964474
(not set)	cobble hill mini toddy	ks-sale-handbags-wallets	20161130	13	1830.348642	140.7960493846154
(not set)	cobble hill mini toddy	ks-sale-handbags-wallets	20161206	13	1830.348642	140.7960493846154
brand | kate spade	cobble hill mini toddy	ks-sale-handbags-wallets	20161129	13	1830.348642	140.7960493846154
(not set)	cameron street stacy	ks-sale-handbags-wallets	20161202	24	1825.081451	76.04506045833332
deeplink	cameron street stacy	ks-sale-handbags-wallets	20161129	24	1825.081451	76.04506045833332
(not set)	cedar street stacy	ks-sale-handbags-wallets	20161129	26	1822.447856	86.78323123809524
(not set)	cameron street plaid margot	ks-sale-handbags-wallets	20161129	8	1817.180666	227.14758325
(not set)	classic nylon leopard lyla weekender	ks-sale-handbags-wallets	20161205	8	1817.180666	227.14758325
(not set)	on purpose nylon tote	ks-handbags-totes	20161205	13	1817.180666	165.19824236363638
brand | handbags	on purpose nylon tote	ks-handbags-totes	20161204	13	1817.180666	605.7268886666666
brand | kate spade	on purpose nylon tote	ks-handbags-totes	20161129	13	1817.180666	165.19824236363638
(not set)	cameron street lane	ks-handbags-cross-body	20161201	8	1801.379095	225.172386875
(not set)	cameron street lane	ks-handbags-cross-body	20161202	8	1801.379095	225.172386875
(not set)	ridge street kirby	(not set)	20161129	8	1801.379095	225.172386875
KSP Ongoing	cameron street lane	ks-handbags-cross-body	20161129	8	1801.379095	225.172386875
(not set)	emerson place small ryley	ks-sale-handbags-wallets	20161130	8	1793.478309	224.184788625
generic	plaid car coat	ks-sale-clothing	20161129	3	1775.043143	591.6810476666666
(not set)	orchard street hemsley	ks-sale-handbags-wallets	20161205	8	1772.409548	221.5511935
(not set)	cedar street magnolia	ks-sale-handbags-wallets	20161204	16	1769.775953	110.6109970625
brand | kate spade	cedar street card holder	ks-accessories-wallets	20161129	37	1769.775953	68.0683058846154
(not set)	chiffon bow dress	ks-sale-clothing	20161203	5	1764.508763	352.9017526
deeplink	chiffon bow dress	ks-sale-clothing	20161129	5	1764.508763	352.9017526
(not set)	cameron street stacy	ks-accessories-wallets	20161201	16	1738.172811	108.6358006875
(not set)	one in a million business card holder	ks-home-desk-accessories	20161129	58	1738.172811	29.968496741379308
(not set)	wedding belles travel passport holder	ks-sale-accessories	20161129	32	1738.172811	59.936993482758616
(not set)	cameron street neema	ks-sale-handbags-wallets	20161205	8	1732.905621	216.613202625
(not set)	baneera heels	ks-new-arrivals-shoes	20161129	5	1727.63843	345.527686
(not set)	cameron street large lucie	ks-handbags-totes	20161130	5	1727.63843	345.527686
(not set)	cameron street large lucie	ks-handbags-totes	20161202	5	1727.63843	345.527686
(not set)	cameron street large lucie	ks-handbags-totes	20161203	5	1727.63843	345.527686
(not set)	cameron street large lucie	ks-handbags-totes	20161205	5	1727.63843	345.527686
(not set)	cameron street large lucie	ks-handbags-totes	20161206	5	1727.63843	345.527686
(not set)	cobble hill small adrien	ks-handbags-satchels	20161129	5	1727.63843	345.527686
(not set)	collared sweater dress	ks-clothing-dresses-view-all	20161206	5	1727.63843	345.527686
(not set)	everpurse x kate spade new york zana	ks-handbags-cross-body	20161201	5	1727.63843	345.527686
(not set)	marcellina heels	ks-shoes-pumps	20161129	5	1727.63843	345.527686
(not set)	pine grove way small alexya	ks-handbags-cross-body	20161129	5	1727.63843	345.527686
11292016_cybermondaylastday	emerson place roses olivera	ks-sale-handbags-wallets	20161129	5	1727.63843	345.527686
brand | kate spade	cameron street large lucie	ks-handbags-totes	20161129	5	1727.63843	345.527686
brand | kate spade	kate spade new york for minnie mouse minnie bow clasp	katespade-root	20161129	5	1727.63843	345.527686
brand | kate spade	sequin fringe tunic	ks-clothing-dresses-view-all	20161129	5	1727.63843	345.527686
(not set)	take a bow bangle	ks-sale-jewelry	20161129	45	1719.737645	38.21639211111111
brand | kate spade	take a bow bangle	ks-sale-jewelry	20161129	45	1717.10405	46.40821756756756
(not set)	annie skirt	ks-clothing-skirts	20161129	3	1706.569669	568.8565563333334
(not set)	medium gold dots 17 month agenda	ks-sale-home	20161129	95	1706.569669	18.54967031521739
12022016_ssbounceback	allover paillette dress	ks-dresses-evening	20161202	3	1706.569669	568.8565563333334
promo-event-e17bd7a6-73fe-4c14-83a2-bd1e0a9040e3	allover paillette dress	ks-dresses-evening	20161202	3	1706.569669	568.8565563333334
(not set)	kate spade small square studs	ks-jewelry-earrings	20161204	45	1701.302479	42.532561975
(not set)	holland skinny bracelet watch	ks-jewelry-watches	20161129	8	1698.668883	212.333610375
(not set)	james street mason	ks-sale-handbags-wallets	20161129	5	1690.768098	338.1536196
(not set)	james street mason	ks-sale-handbags-wallets	20161203	5	1690.768098	338.1536196
(not set)	cedar street medium harmony	ks-sale-handbags-wallets	20161202	8	1685.500908	210.6876135
generic	expand your horizons pelican francis	ks-sale-handbags-wallets	20161129	21	1685.500908	153.2273552727273
brand | kate spade	cedar street hayden	ks-sale-handbags-wallets	20161204	8	1680.233717	210.029214625
generic	cedar street hayden	ks-sale-handbags-wallets	20161129	8	1680.233717	210.029214625
(not set)	cameron street floral mini candace	ks-sale-handbags-wallets	20161129	11	1674.966527	152.2696842727273
08162016_specialtybb	hawthorne lane ryan	ks-sale-handbags-wallets	20161129	13	1672.332932	557.4443106666666
(not set)	burgess court glitter lacey	katespade-root	20161129	11	1664.432146	151.31201327272728
(not set)	cameron street kieran	ks-accessories-wallets	20161129	11	1664.432146	151.31201327272728
(not set)	cameron street kieran	ks-accessories-wallets	20161204	11	1664.432146	208.05401825
(not set)	on purpose leather wristlet	ks-accessories-wallets	20161201	11	1664.432146	332.8864292
(not set)	cedar street karolina	ks-sale-handbags-wallets	20161204	24	1659.164956	79.00785504761905
(not set)	large gold dots 17 month agenda	ks-sale-home	20161129	79	1659.164956	27.199425508196722
(not set)	emerson place olivera	ks-sale-handbags-wallets	20161129	5	1653.897765	330.779553
(not set)	emerson place olivera	ks-sale-handbags-wallets	20161130	5	1653.897765	330.779553
brand | kate spade	emerson place olivera	ks-sale-handbags-wallets	20161129	5	1653.897765	330.779553
(not set)	cedar street maise	ks-sale-handbags-wallets	20161204	8	1651.26417	206.40802125
(not set)	cedar street maise	ks-sale-handbags-wallets	20161206	8	1651.26417	206.40802125
(not set)	cedar street medium harmony	ks-sale-handbags-wallets	20161205	8	1651.26417	206.40802125
(not set)	lily avenue patent carrigan	ks-sale-handbags-wallets	20161201	8	1651.26417	206.40802125
generic	cedar street maise	ks-sale-handbags-wallets	20161129	8	1651.26417	206.40802125
brand | kate spade	cobble hill small ella	ks-sale-handbags-wallets	20161129	8	1648.630575	206.078821875
(not set)	hawthorne lane roses berrie	ks-sale-handbags-wallets	20161129	34	1643.363385	63.20628403846153
generic	make a splash rey	ks-sale-handbags-wallets	20161129	16	1643.363385	328.672677
(not set)	cameron street stacy	ks-sale-handbags-wallets	20161201	21	1622.294623	77.25212490476191
(not set)	get connected pave loop bangle	ks-jewelry-bracelets	20161129	18	1622.294623	90.12747905555555
(not set)	get connected pave loop bangle	ks-jewelry-bracelets	20161206	18	1622.294623	101.3934139375
brand | kate spade	cameron street stacy	ks-sale-handbags-wallets	20161129	21	1622.294623	77.25212490476191
(not set)	cedar street medium harmony	ks-sale-handbags-wallets	20161203	8	1609.126648	201.140831
(not set)	cedar street karolina	ks-accessories-wallets	20161204	16	1580.157101	98.7598188125
(not set)	cobble hill adrien	ks-sale-handbags-wallets	20161129	5	1580.157101	316.0314202
brand | kate spade	cedar street karolina	ks-accessories-wallets	20161129	16	1580.157101	98.7598188125
brand | kate spade | bing	orchard street dillon	ks-sale-handbags-wallets	20161204	5	1580.157101	526.7190336666666
generic	cobble hill adrien	ks-sale-handbags-wallets	20161129	5	1580.157101	316.0314202
generic	guipure lace sheath dress	ks-sale-clothing	20161129	5	1580.157101	316.0314202
(not set)	fontaine court croc small margot	ks-handbags-satchels	20161203	3	1574.88991	524.9633033333333
(not set)	nellie sweater	ks-clothing-sweaters	20161202	3	1574.88991	524.9633033333333
098689555874	knollwood street annelie	ks-handbags-satchels	20161205	3	1574.88991	524.9633033333333
11292016_cybermondayfinalhours_v1	fontaine court croc small margot	ks-handbags-satchels	20161130	3	1574.88991	524.9633033333333
brand | kate spade	knollwood street annelie	ks-handbags-satchels	20161129	3	1574.88991	524.9633033333333
dw_shipping_confirmation	knollwood street annelie	ks-handbags-satchels	20161130	3	1574.88991	524.9633033333333
(not set)	13 inch saffiano bag	ks-accessories-tech	20161202	5	1569.62272	313.924544
(not set)	13 inch saffiano bag	ks-accessories-tech	20161203	5	1569.62272	313.924544
(not set)	baina boots	ks-sale-shoes	20161130	5	1569.62272	313.924544
(not set)	cameron street byrdie	ks-handbags-cross-body	20161205	5	1569.62272	313.924544
(not set)	cameron street mini candace	ks-handbags-cross-body	20161201	5	1569.62272	313.924544
(not set)	cameron street small neema	ks-travel-bags	20161130	5	1569.62272	313.924544
(not set)	cameron street small neema	ks-travel-bags	20161202	5	1569.62272	313.924544
(not set)	cameron street small neema	ks-travel-bags	20161206	5	1569.62272	313.924544
(not set)	carmel court bernadette	ks-handbags-view-all	20161130	5	1569.62272	313.924544
(not set)	cedar street medium harmony	ks-handbags-shoulder-bags	20161203	5	1569.62272	313.924544
(not set)	cedar street medium harmony	ks-handbags-shoulder-bags	20161206	5	1569.62272	313.924544
(not set)	classic nylon harmony baby bag	ks-diaper-bags	20161129	5	1569.62272	313.924544
(not set)	classic nylon harmony baby bag	ks-diaper-bags	20161205	5	1569.62272	313.924544
(not set)	cobble hill mylie	ks-handbags-shoulder-bags	20161202	5	1569.62272	313.924544
(not set)	cobble hill mylie	ks-handbags-shoulder-bags	20161204	5	1569.62272	313.924544
(not set)	cobble hill mylie	ks-handbags-shoulder-bags	20161205	5	1569.62272	313.924544
(not set)	cobble hill mylie	ks-handbags-view-all	20161201	5	1569.62272	313.924544
(not set)	gino flats	ks-shoes-flats	20161206	5	1569.62272	313.924544
(not set)	leonard street mini mariel	ks-handbags-cross-body	20161129	5	1569.62272	313.924544
(not set)	make magic rabbit cali	ks-handbags-clutches	20161130	5	1569.62272	313.924544
(not set)	polka dot sweater	katespade-root	20161203	5	1569.62272	313.924544
(not set)	polka dot sweater	katespade-root	20161205	5	1569.62272	313.924544
(not set)	ridge street lance yoga bag	ks-handbags-view-all	20161129	5	1569.62272	313.924544
(not set)	saffiano laptop bag	ks-accessories-tech	20161203	5	1569.62272	313.924544
(not set)	sela heels	ks-shoes-pumps	20161129	5	1569.62272	313.924544
(not set)	stripe alpaca sweater	katespade-root	20161205	5	1569.62272	313.924544
098689554884	cedar street medium harmony	ks-handbags-shoulder-bags	20161129	5	1569.62272	313.924544
098689555874	cedar street maise	ks-handbags-satchels	20161129	5	1569.62272	313.924544
098689948300	cameron street mini candace	ks-handbags-cross-body	20161129	5	1569.62272	313.924544
098689971834	saffiano laptop bag	ks-accessories-tech	20161129	5	1569.62272	313.924544
11292016_cybermondaylastday	cedar street maise	ks-handbags-satchels	20161129	5	1569.62272	313.924544
12022016_ssbounceback	healy lane lilith	ks-handbags-cross-body	20161202	5	1569.62272	313.924544
12032016_rtwseparates	polka dot sweater	katespade-root	20161203	5	1569.62272	313.924544
888445619205	valarie flats	(not set)	20161129	5	1569.62272	313.924544
brand | handbags	cedar street medium harmony	ks-handbags-shoulder-bags	20161129	5	1569.62272	313.924544
brand | kate spade	cedar street maise	ks-handbags-satchels	20161201	5	1569.62272	313.924544
brand | kate spade	cedar street maise	ks-handbags-satchels	20161203	5	1569.62272	313.924544
brand | kate spade	cedar street medium harmony	ks-handbags-shoulder-bags	20161130	5	1569.62272	313.924544
brand | kate spade	cedar street medium harmony	ks-handbags-shoulder-bags	20161206	5	1569.62272	313.924544
brand | kate spade	healy lane lilith	ks-handbags-cross-body	20161206	5	1569.62272	313.924544
brand | kate spade	saffiano laptop bag	ks-accessories-tech	20161130	5	1569.62272	313.924544
brand | kate spade | bing	cedar street medium harmony	ks-handbags-shoulder-bags	20161129	5	1569.62272	313.924544
brand-search|holiday	cedar street maise	ks-handbags-satchels	20161129	5	1569.62272	313.924544
deeplink	cedar street medium harmony	ks-handbags-shoulder-bags	20161129	5	1569.62272	313.924544
general-45432	cedar street medium harmony	ks-handbags-shoulder-bags	20161129	5	1569.62272	313.924544
generic	orchard street dillon	ks-sale-handbags-wallets	20161129	5	1566.989125	313.397825
(not set)	cameron street perforated candace satchel	ks-sale-handbags-wallets	20161130	8	1564.35553	195.54444125
(not set)	cameron street perforated candace satchel	ks-sale-handbags-wallets	20161202	8	1564.35553	195.54444125
(not set)	cameron street perforated candace satchel	ks-sale-handbags-wallets	20161203	8	1564.35553	195.54444125
(not set)	cameron street perforated candace satchel	ks-sale-handbags-wallets	20161204	8	1564.35553	195.54444125
(not set)	cameron street sima	ks-handbags-clutches	20161205	8	1564.35553	195.54444125
(not set)	cameron street stormie	ks-handbags-cross-body	20161129	8	1564.35553	195.54444125
(not set)	hartley lane initial lacey	katespade-root	20161202	8	1564.35553	195.54444125
(not set)	wellesley neda	ks-sale-handbags-wallets	20161206	16	1564.35553	97.772220625
11282016_cybermondayreminderpm	cameron street small dody	ks-handbags-cross-body	20161129	8	1564.35553	195.54444125
11292016_cybermondayfinalhours_v1	cameron street perforated candace satchel	ks-sale-handbags-wallets	20161129	8	1564.35553	195.54444125
11292016_cybermondayfinalhours_v2	cameron street perforated candace satchel	ks-sale-handbags-wallets	20161130	8	1564.35553	195.54444125
affinity	mullins place pouch	katespade-root	20161129	8	1564.35553	521.4518433333333
brand | handbags	cameron street stormie	ks-handbags-cross-body	20161129	8	1564.35553	195.54444125
dw_mailinglist_promo_welcome	cameron street perforated candace satchel	ks-sale-handbags-wallets	20161130	8	1564.35553	195.54444125
(not set)	cameron street large stacy	ks-accessories-wallets	20161130	11	1559.088339	141.73530354545454
(not set)	cedar street perforated tayler	ks-sale-handbags-wallets	20161129	11	1559.088339	141.73530354545454
11282016_cybermondayreminderpm	cedar street cami	ks-handbags-cross-body	20161129	11	1559.088339	141.73530354545454
brand | kate spade	cedar street cami	ks-handbags-cross-body	20161206	11	1559.088339	141.73530354545454
generic	cedar street small hayden	ks-sale-handbags-wallets	20161130	11	1559.088339	194.886042375
(not set)	rainer lane iridescent stacy	katespade-root	20161129	16	1548.553959	96.7846224375
(not set)	going places metro watch	ks-jewelry-watches	20161129	8	1540.653173	308.1306346
(not set)	luggage metro watch	katespade-root	20161129	8	1540.653173	192.581646625
(not set)	luggage metro watch	katespade-root	20161130	8	1540.653173	192.581646625
(not set)	luggage metro watch	katespade-root	20161203	8	1540.653173	192.581646625
(not set)	metro grand watch	ks-jewelry-watches	20161203	8	1540.653173	192.581646625
(not set)	scallop metro watch	ks-jewelry-watches	20161204	8	1540.653173	192.581646625
brand | kate spade	cedar street magnolia	ks-sale-handbags-wallets	20161129	13	1538.019578	118.3091983076923
(not set)	on purpose leather tote	ks-sale-handbags-wallets	20161129	8	1535.385983	191.923247875
(not set)	jewel button wool coat	ks-sale-clothing	20161129	3	1532.752388	510.91746266666667
(not set)	semiprecious mini small square studs	ks-jewelry-earrings	20161129	40	1532.752388	58.95201492307692
brand | ca | kate spade	jewel button wool coat	ks-sale-clothing	20161129	3	1532.752388	510.91746266666667
brand | kate spade | bing	jewel button boucle coat	ks-sale-clothing	20161129	3	1532.752388	510.91746266666667
generic	jewel button boucle coat	ks-sale-clothing	20161129	3	1532.752388	510.91746266666667
generic	jewel button wool coat	ks-sale-clothing	20161129	3	1532.752388	510.91746266666667
(not set)	kate spade new york for minnie mouse minnie card case	katespade-root	20161129	26	1527.485197	58.749430653846154
(not set)	pave bridesmaid idiom bangle	ks-jewelry-bracelets	20161129	26	1527.485197	305.49703939999995
11292016_cybermondaylastday	cedar street magnolia	ks-sale-handbags-wallets	20161129	13	1509.050031	116.0807716153846
brand | kate spade	cedar street hayden	ks-sale-handbags-wallets	20161205	5	1506.416436	301.28328719999996
(not set)	monterey watch	ks-jewelry-watches	20161203	5	1501.149246	300.2298492
11232016_surprisesalereminderam	pine street small kori	ks-sale-handbags-wallets	20161129	8	1501.149246	300.2298492
deeplink	pine street small kori	ks-sale-handbags-wallets	20161129	8	1501.149246	187.64365575
(not set)	cedar street lacey	ks-sale-handbags-wallets	20161204	13	1495.882055	115.0678503846154
(not set)	cedar street stacy	ks-sale-handbags-wallets	20161130	21	1495.882055	71.23247880952381
(not set)	cedar street stacy	ks-sale-handbags-wallets	20161205	21	1495.882055	71.23247880952381
brand | kate spade | bing	cedar street small hayden	ks-sale-handbags-wallets	20161129	8	1487.98127	185.99765875
generic	cameron street mini candace	ks-sale-handbags-wallets	20161130	8	1487.98127	185.99765875
(not set)	cameron street blakely	ks-sale-handbags-wallets	20161204	8	1485.347675	185.668459375
(not set)	cameron street lacey	ks-accessories-wallets	20161201	8	1485.347675	185.668459375
brand | handbags	cameron street lacey	ks-accessories-wallets	20161129	8	1485.347675	185.668459375
brand | kate spade	cameron street lacey	ks-accessories-wallets	20161130	8	1485.347675	185.668459375
brand | kate spade	cameron street lacey	ks-accessories-wallets	20161205	8	1485.347675	185.668459375
(not set)	hawthorne lane roses stacy	ks-sale-handbags-wallets	20161129	21	1474.813294	81.9340718888889
cm	reservoir road carolyn	ks-handbags-cross-body	20161129	11	1474.813294	134.0739358181818
deeplink	reservoir road carolyn	ks-handbags-cross-body	20161129	11	1474.813294	134.0739358181818
(not set)	orchard street natalya	ks-sale-handbags-wallets	20161129	5	1469.546104	293.9092208
(not set)	orchard street natalya	ks-sale-handbags-wallets	20161130	5	1469.546104	293.9092208
(not set)	cameron street large lane	ks-handbags-satchels	20161203	5	1464.278913	292.8557826
(not set)	cobble hill mini toddy	ks-sale-handbags-wallets	20161204	11	1464.278913	133.1162648181818
(not set)	embellished brooch cardigan	ks-clothing-sweaters	20161130	5	1464.278913	292.8557826
(not set)	go taxi flats	ks-shoes-flats	20161205	5	1464.278913	292.8557826
(not set)	metallic multi dot top	ks-clothing-tops-view-all	20161205	5	1464.278913	292.8557826
(not set)	southport avenue small jenny	ks-sale-handbags-wallets	20161129	11	1464.278913	133.1162648181818
11292016_cybermondayfinalhours_v1	cobble hill mini toddy	ks-sale-handbags-wallets	20161129	11	1464.278913	133.1162648181818
brand | kate spade	cobble hill mini toddy	ks-sale-handbags-wallets	20161130	11	1464.278913	133.1162648181818
ksny_shq_abandoncart_2	emerson place lawren	ks-sale-handbags-wallets	20161130	5	1464.278913	488.092971
(not set)	cedar street magnolia	ks-sale-handbags-wallets	20161201	13	1461.645318	112.43425523076924
(not set)	orchard street dillon	ks-sale-handbags-wallets	20161129	5	1461.645318	292.32906360000004
(not set)	skyline way large violina	ks-handbags-satchels	20161204	3	1443.210152	481.0700506666667
(not set)	skyline way large violina	ks-handbags-satchels	20161205	3	1443.210152	481.0700506666667
brand | handbags	skyline way large violina	ks-handbags-satchels	20161130	3	1443.210152	481.0700506666667
(not set)	wrap things up leather bow wrap bracelet	ks-jewelry-bracelets	20161129	18	1437.942962	79.8857201111111
(not set)	&#35;livecolorfully squad cuff	ks-jewelry-bracelets	20161202	21	1432.675771	286.53515419999997
(not set)	mini small square studs	(not set)	20161129	45	1432.675771	59.694823791666664
(not set)	cobble hill marsala	ks-sale-handbags-wallets	20161129	8	1430.042176	178.755272
(not set)	orchard street arla	ks-sale-handbags-wallets	20161203	8	1430.042176	178.755272
cm	orchard street arla	ks-sale-handbags-wallets	20161129	8	1430.042176	178.755272
generic	orchard street arla	ks-sale-handbags-wallets	20161130	8	1430.042176	178.755272
(not set)	initial tumbler	ks-home-mugs-and-tumblers	20161129	79	1422.141391	19.218126905405406
(not set)	lita street andrea	ks-sale-handbags-wallets	20161204	16	1422.141391	88.8838369375
(not set)	bunny sweater	ks-clothing-sweaters	20161129	5	1411.60701	282.321402
(not set)	cedar street small harmony	ks-handbags-shoulder-bags	20161205	5	1411.60701	282.321402
(not set)	cameron street mini candace	ks-sale-handbags-wallets	20161201	8	1406.33982	175.7924775
(not set)	cedar street lacey	ks-accessories-wallets	20161205	8	1406.33982	175.7924775
(not set)	cedar street small hayden	ks-sale-handbags-wallets	20161205	8	1406.33982	175.7924775
(not set)	hawthorne lane confetti dot lacey	ks-accessories-wallets	20161129	8	1406.33982	175.7924775
(not set)	ridge street lelie	(not set)	20161130	8	1406.33982	175.7924775
(not set)	ridge street lelie	(not set)	20161201	8	1406.33982	175.7924775
08162016_specialtybb	cameron street byrdie	ks-sale-handbags-wallets	20161129	8	1406.33982	468.77994
11292016_cybermondaylastday	cameron street byrdie	ks-sale-handbags-wallets	20161129	8	1406.33982	175.7924775
generic	cedar street carine	ks-handbags-cross-body	20161129	8	1406.33982	175.7924775
(not set)	cameron street candace satchel	ks-sale-handbags-wallets	20161130	5	1395.805439	279.1610878
(not set)	cameron street candace satchel	ks-sale-handbags-wallets	20161203	5	1395.805439	279.1610878
(not set)	cameron street havana	ks-sale-handbags-wallets	20161130	5	1395.805439	279.1610878
(not set)	cameron street havana	ks-sale-handbags-wallets	20161203	5	1395.805439	279.1610878
(not set)	cedar street jensen	ks-sale-handbags-wallets	20161203	5	1395.805439	279.1610878
(not set)	emerson place lenia	ks-sale-handbags-wallets	20161129	5	1395.805439	279.1610878
(not set)	knit fit and flare dress	ks-sale-clothing	20161130	5	1395.805439	279.1610878
098689965796	everpurse x kate spade new york small harmony	ks-sale-handbags-wallets	20161130	5	1395.805439	279.1610878
brand | kate spade	everpurse x kate spade new york small harmony	ks-sale-handbags-wallets	20161205	5	1395.805439	279.1610878
brand | kate spade | bing	cameron street havana	ks-sale-handbags-wallets	20161129	5	1395.805439	279.1610878
(not set)	blossom court madalee	ks-handbags-satchels	20161129	3	1390.538249	463.5127496666667
(not set)	get connected pave loop bangle	ks-jewelry-bracelets	20161130	16	1390.538249	86.9086405625
(not set)	grosgrain bow gloves	ks-cold-weather-accessories	20161129	29	1390.538249	57.93909370833334
(not set)	on purpose nylon wristlet	ks-accessories-wallets	20161129	16	1390.538249	106.9644806923077
(not set)	yorktown drive mega margot	ks-handbags-view-all	20161129	3	1390.538249	463.5127496666667
brand | kate spade	cameron street lacey	ks-sale-handbags-wallets	20161129	11	1390.538249	126.41256809090909
brand | handbags	cedar street hayden	ks-sale-handbags-wallets	20161129	8	1385.271058	173.15888225
(not set)	cameron street candace satchel	ks-sale-handbags-wallets	20161205	5	1374.736678	274.94733560000003
(not set)	say yes partners in crime pendant	ks-jewelry-necklaces	20161129	24	1374.736678	171.84208475
(not set)	state of mind pendant	ks-jewelry-necklaces	20161129	24	1374.736678	57.28069491666666
098686586598	pave bridesmaid idiom bangle	ks-jewelry-bracelets	20161130	24	1374.736678	124.97606163636364
(not set)	cameron street mega margot	ks-sale-handbags-wallets	20161201	5	1358.935107	271.78702139999996
(not set)	cobble hill marsala	ks-handbags-cross-body	20161201	5	1358.935107	271.78702139999996
(not set)	cobble hill marsala	ks-handbags-cross-body	20161202	5	1358.935107	271.78702139999996
(not set)	cobble hill marsala	ks-handbags-cross-body	20161204	5	1358.935107	271.78702139999996
(not set)	cobble hill marsala	ks-handbags-cross-body	20161205	5	1358.935107	271.78702139999996
(not set)	cobble hill marsala	ks-handbags-cross-body	20161206	5	1358.935107	271.78702139999996
(not set)	kate spade new york for minnie mouse mini maise	katespade-root	20161201	5	1358.935107	271.78702139999996
(not set)	kate spade new york for minnie mouse mini maise	katespade-root	20161204	5	1358.935107	271.78702139999996
(not set)	kate spade new york for minnie mouse mini maise	katespade-root	20161205	5	1358.935107	271.78702139999996
brand | kate spade	cameron street mega margot	ks-sale-handbags-wallets	20161129	5	1358.935107	271.78702139999996
brand | kate spade	cobble hill marsala	ks-handbags-cross-body	20161129	5	1358.935107	271.78702139999996
deeplink	kate spade new york for minnie mouse mini maise	katespade-root	20161129	5	1358.935107	271.78702139999996
(not set)	cobble hill adrien	ks-sale-handbags-wallets	20161206	5	1353.667916	270.7335832
(not set)	bow tech gloves	ks-cold-weather-accessories	20161129	11	1348.400726	122.58188418181818
(not set)	bow tech gloves	ks-cold-weather-accessories	20161205	11	1348.400726	122.58188418181818
(not set)	bow tech gloves	ks-cold-weather-accessories	20161206	11	1348.400726	122.58188418181818
(not set)	one in a million business card holder	ks-home-desk-accessories	20161206	45	1343.133536	33.5783384
brand | kate spade	cameron street lacey	ks-sale-handbags-wallets	20161130	11	1337.866345	121.62421318181819
brand | kate spade | bing	cameron street lacey	ks-sale-handbags-wallets	20161130	11	1337.866345	121.62421318181819
(not set)	large gold dots 17 month agenda	ks-sale-home	20161205	63	1327.331965	31.60314202380952
(not set)	poplin ruffle shirt	ks-clothing-tops-view-all	20161130	8	1327.331965	165.916495625
(not set)	eden lane lacey	ks-sale-handbags-wallets	20161201	11	1322.064774	120.18770672727274
08162016_specialtybb	orchard street penelope	ks-sale-handbags-wallets	20161129	8	1319.431179	439.810393
(not set)	black and rose hybrid smart watch	ks-accessories-wearable-tech	20161129	5	1316.797584	263.3595168
(not set)	corina flats	ks-shoes-flats	20161203	5	1316.797584	263.3595168
(not set)	iphone crossbody	ks-accessories-tech	20161205	13	1316.797584	164.599698
(not set)	vachetta and gold hybrid smart watch	ks-accessories-wearable-tech	20161129	5	1316.797584	263.3595168
(not set)	vachetta and gold hybrid smart watch	ks-accessories-wearable-tech	20161206	5	1316.797584	263.3595168
12062016_newarrivals_v1	corina flats	ks-shoes-flats	20161206	5	1316.797584	263.3595168
KSP Ongoing	glitter ear buds and portable charger gift set	katespade-root	20161203	11	1316.797584	263.3595168
brand | kate spade	cedar street karolina	ks-accessories-wallets	20161203	13	1316.797584	101.29212184615385
brand | kate spade	cedar street maise shoulder	ks-sale-handbags-wallets	20161129	5	1316.797584	263.3595168
brand | kate spade | bing	cedar street maise shoulder	ks-sale-handbags-wallets	20161129	5	1316.797584	263.3595168
(not set)	crescent street lietta	ks-handbags-shoulder-bags	20161129	3	1311.530394	437.176798
(not set)	crescent street lietta	ks-handbags-shoulder-bags	20161202	3	1311.530394	437.176798
(not set)	metallic multi dot dress	ks-clothing-dresses	20161130	3	1311.530394	437.176798
(not set)	metallic multi dot dress	ks-clothing-dresses	20161204	3	1311.530394	437.176798
(not set)	pin dot chiffon shirtdress	ks-dresses-evening	20161205	3	1311.530394	437.176798
(not set)	scattered brooch crepe dress	ks-clothing-dresses-view-all	20161203	3	1311.530394	437.176798
(not set)	shimmer tweed jacket	ks-clothing-outerwear	20161129	3	1311.530394	437.176798
(not set)	silk alyssa top	ks-clothing-tops-view-all	20161129	3	1311.530394	437.176798
(not set)	yorktown drive hayden	ks-handbags-satchels	20161204	3	1311.530394	437.176798
(not set)	yorktown drive hayden	ks-handbags-view-all	20161129	3	1311.530394	437.176798
11292016_cybermondaylastday	crescent street lietta	ks-handbags-shoulder-bags	20161129	3	1311.530394	437.176798
brand | kate spade	crescent street lietta	ks-handbags-shoulder-bags	20161202	3	1311.530394	437.176798
brand | kate spade	shimmer tweed jacket	ks-clothing-outerwear	20161129	3	1311.530394	437.176798
brand | kate spade	yorktown drive hayden	ks-handbags-view-all	20161129	3	1311.530394	437.176798
brand | surprise | kate spade	crescent street roselee	ks-handbags-shoulder-bags	20161129	3	1311.530394	437.176798
bx_mailinglist_promo_email	knollwood street small annelie	ks-handbags-satchels	20161202	3	1311.530394	437.176798
cm	knollwood street small annelie	ks-handbags-satchels	20161129	3	1311.530394	437.176798
dw_order_confirmation	shimmer tweed jacket	ks-clothing-outerwear	20161203	3	1311.530394	437.176798
generic	knollwood street small annelie	ks-handbags-satchels	20161204	3	1311.530394	437.176798
generic	shimmer tweed jacket	ks-clothing-outerwear	20161129	3	1311.530394	437.176798
ksny_shq_abandonbrowse_handbags	crescent street roselee	ks-handbags-shoulder-bags	20161129	3	1311.530394	437.176798
(not set)	bow tie blouse	ks-clothing-tops-view-all	20161203	5	1306.263203	261.2526406
(not set)	cobble hill ellen	ks-personalization-shop	20161204	5	1306.263203	261.2526406
(not set)	embellished jean	ks-new-arrivals-clothing	20161202	5	1306.263203	261.2526406
(not set)	hazel court darla	ks-accessories-wallets	20161129	21	1306.263203	62.20300966666667
(not set)	kate spade new york for minnie mouse francis	katespade-root	20161204	5	1306.263203	261.2526406
(not set)	leonard street letty	ks-handbags-cross-body	20161130	5	1306.263203	261.2526406
(not set)	leonard street letty	ks-handbags-cross-body	20161205	5	1306.263203	261.2526406
(not set)	ridge street siggy	ks-sale-handbags-wallets	20161129	11	1306.263203	163.282900375
(not set)	ridge street siggy	ks-travel-bags	20161203	5	1306.263203	261.2526406
09052016_musthaves	moi sweater	ks-clothing-sweaters	20161201	5	1306.263203	261.2526406
11292016_cybermondaylastday	cameron street small byrdie	ks-handbags-cross-body	20161129	5	1306.263203	261.2526406
brand | handbags	cameron street small byrdie	ks-handbags-cross-body	20161129	5	1306.263203	261.2526406
brand | kate spade	cameron street small byrdie	ks-handbags-cross-body	20161129	5	1306.263203	261.2526406
(not set)	small square studs	ks-jewelry-earrings	20161204	34	1300.996013	38.26458861764706
(not set)	burgess court glitter stacy	katespade-root	20161130	13	1290.461632	99.26627938461539
(not set)	leather iphone 6 wrap folio	ks-accessories-tech	20161205	18	1290.461632	71.69231288888889
11292016_cybermondaylastday	cameron street candace satchel	ks-sale-handbags-wallets	20161129	5	1290.461632	258.0923264
brand | kate spade	cedar street karolina	ks-sale-handbags-wallets	20161129	18	1290.461632	80.653852
bx_mailinglist_promo_email	massey court luxe sherilyn	ks-sale-handbags-wallets	20161201	3	1287.828037	429.2760123333333
(not set)	cameron street margot	ks-sale-handbags-wallets	20161130	5	1285.194442	257.0388884
(not set)	cameron street margot	ks-sale-handbags-wallets	20161205	5	1285.194442	257.0388884
(not set)	cameron street margot	ks-sale-handbags-wallets	20161206	5	1285.194442	257.0388884
(not set)	cobble hill maris	ks-sale-handbags-wallets	20161205	5	1285.194442	428.3981473333333
(not set)	encore rose crepe dress	ks-sale-clothing	20161129	5	1285.194442	257.0388884
(not set)	james street shaylee	ks-sale-handbags-wallets	20161129	5	1285.194442	257.0388884
098689966502	cameron street margot	ks-sale-handbags-wallets	20161129	5	1285.194442	257.0388884
11282016_cybermondayreminderpm	encore rose crepe dress	ks-sale-clothing	20161129	5	1285.194442	257.0388884
11292016_cybermondayfinalhours_v2	encore rose crepe dress	ks-sale-clothing	20161129	5	1285.194442	428.3981473333333
11292016_cybermondaylastday	large black stripe 17 month agenda	ks-sale-home	20161129	61	1272.026466	48.92409484615385
(not set)	cedar street card holder	ks-accessories-wallets	20161204	26	1264.125681	48.6202185
(not set)	one in a million business card holder	ks-home-desk-accessories	20161205	42	1264.125681	31.603142024999997
(not set)	pencil it in 12 month agenda	ks-home-agendas	20161129	32	1264.125681	43.59054072413793
(not set)	sailor&#39;s knot studs	ks-jewelry-earrings	20161129	26	1264.125681	158.015710125
11292016_cybermondayfinalhours_v2	keds for kate spade new york glitter sneakers	ks-shoes-sneakers	20161129	16	1264.125681	79.0078550625
brand | kate spade	wickford four-piece place setting	ks-home-sets	20161129	16	1264.125681	421.375227
(not set)	draped leather jacket	ks-sale-clothing	20161203	3	1261.492085	420.4973616666667
(not set)	carmel court luxe yalena	ks-handbags-satchels	20161129	3	1258.85849	419.6194966666667
(not set)	emerson place valerie	ks-handbags-shoulder-bags	20161204	3	1258.85849	419.6194966666667
(not set)	evelien sweater	ks-clothing-sweaters	20161130	3	1258.85849	419.6194966666667
(not set)	jazz things up piano bag	ks-sale-handbags-wallets	20161129	5	1258.85849	251.771698
(not set)	jazz things up piano bag	ks-sale-handbags-wallets	20161206	5	1258.85849	251.771698
(not set)	mixed ditzy silk dress	ks-clothing-dresses-view-all	20161129	3	1258.85849	419.6194966666667
(not set)	mixed ditzy silk dress	ks-clothing-dresses-view-all	20161130	3	1258.85849	419.6194966666667
11282016_cybermondayreminderpm	jazz things up boom box bag	ks-sale-handbags-wallets	20161129	5	1258.85849	251.771698
11292016_cybermondayfinalhours_v1	ridge street international carry-on	katespade-root	20161129	3	1258.85849	419.6194966666667
11292016_cybermondayfinalhours_v2	jazz things up piano bag	ks-sale-handbags-wallets	20161129	5	1258.85849	251.771698
brand | kate spade	pine grove way luxe alexya	ks-handbags-cross-body	20161202	3	1258.85849	419.6194966666667
dw_reset_password	carmel court luxe yalena	ks-handbags-satchels	20161205	3	1258.85849	419.6194966666667
generic	carmel court luxe yalena	ks-handbags-satchels	20161129	3	1258.85849	419.6194966666667
(not set)	&#35;livecolorfully squad cuff	ks-jewelry-bracelets	20161129	18	1253.5913	156.6989125
(not set)	ridge street international carry-on	ks-sale-handbags-wallets	20161129	5	1253.5913	250.71826
cm	cedar street magnolia	ks-sale-handbags-wallets	20161129	11	1253.5913	113.96284545454546
generic	&#35;livecolorfully bestie cuff	ks-jewelry-bracelets	20161129	18	1253.5913	250.71826
bx_mailinglist_promo_email	lora boots	ks-shoes-boots	20161206	3	1250.957705	416.9859016666667
(not set)	burgess court glitter lacey	katespade-root	20161130	8	1248.32411	156.04051375
(not set)	burgess court glitter lacey	katespade-root	20161206	8	1248.32411	156.04051375
(not set)	cameron street kieran	ks-accessories-wallets	20161130	8	1248.32411	156.04051375
(not set)	cameron street metallic cami	ks-handbags-cross-body	20161130	8	1248.32411	156.04051375
(not set)	cameron street metallic cami	ks-handbags-cross-body	20161201	8	1248.32411	156.04051375
(not set)	carmel court jami	ks-sale-handbags-wallets	20161206	5	1248.32411	249.664822
(not set)	orchard street cambria	ks-sale-handbags-wallets	20161203	5	1248.32411	249.664822
cmdod	carmel court jami	ks-sale-handbags-wallets	20161129	5	1248.32411	249.664822
(not set)	cedar street iphone wristlet	ks-accessories-tech	20161203	11	1243.056919	113.00517445454545
(not set)	cedar street iphone wristlet	ks-accessories-tech	20161206	11	1243.056919	113.00517445454545
(not set)	turn over a new leaf len	ks-sale-handbags-wallets	20161129	8	1240.423324	155.0529155
(not set)	sailor&#39;s knot hinge bangle	ks-jewelry-bracelets	20161129	16	1232.522539	77.0326586875
(not set)	cedar street daisy maise	ks-sale-handbags-wallets	20161129	8	1224.621753	153.077719125
(not set)	cedar street hayden	ks-sale-handbags-wallets	20161204	5	1221.988158	244.39763159999998
(not set)	do the twist hinged bangle	ks-jewelry-bracelets	20161204	21	1221.988158	58.189912285714286
(not set)	forever gems cuff	ks-jewelry-bracelets	20161129	21	1221.988158	58.189912285714286
(not set)	mohair blend beanie	ks-cold-weather-accessories	20161129	21	1221.988158	58.189912285714286
(not set)	state of mind pendant	ks-jewelry-necklaces	20161205	21	1221.988158	58.189912285714286
(not set)	cameron street stacy	ks-sale-handbags-wallets	20161203	16	1216.720968	76.0450605
brand | handbags	cameron street stacy	ks-sale-handbags-wallets	20161129	16	1216.720968	110.6109970909091
brand | kate spade	cameron street stacy	ks-sale-handbags-wallets	20161130	16	1216.720968	76.0450605
(not set)	cameron street plaid margot	ks-sale-handbags-wallets	20161202	5	1211.453777	242.2907554
(not set)	cedar street hayden	ks-sale-handbags-wallets	20161201	5	1211.453777	242.2907554
(not set)	cedar street hayden	ks-sale-handbags-wallets	20161205	5	1211.453777	242.2907554
(not set)	classic nylon leopard lyla weekender	ks-sale-handbags-wallets	20161202	5	1211.453777	242.2907554
(not set)	spot ponte dress	ks-sale-clothing	20161202	5	1211.453777	242.2907554
brand | kate spade	arbour hill small elodie	ks-sale-handbags-wallets	20161129	5	1211.453777	242.2907554
deeplink	cameron street plaid margot	ks-sale-handbags-wallets	20161129	5	1211.453777	242.2907554
(not set)	classic nylon international carry-on	ks-travel-bags	20161202	3	1206.186587	402.0621956666667
(not set)	cameron street glitter sima	ks-handbags-cameron-street	20161130	5	1200.919397	240.1838794
(not set)	cedar street maia travel wallet	ks-accessories-travel-accessories	20161201	5	1200.919397	240.1838794
(not set)	cedar street maia travel wallet	ks-accessories-travel-accessories	20161203	5	1200.919397	240.1838794
(not set)	winking eye sweater	ks-clothing-sweaters	20161129	5	1200.919397	240.1838794
11162016_connectedwatches	cameron street lane	ks-handbags-cross-body	20161129	5	1200.919397	240.1838794
11292016_cybermondaylastday	cedar street maia travel wallet	ks-accessories-travel-accessories	20161204	5	1200.919397	400.30646566666667
11292016_cybermondaylastday	ridge street kirby	(not set)	20161129	5	1200.919397	240.1838794
brand | kate spade	cameron street lane	ks-handbags-cross-body	20161130	5	1200.919397	240.1838794
brand | kate spade	cameron street lane	ks-handbags-cross-body	20161201	5	1200.919397	240.1838794
brand | kate spade	cameron street lane	ks-handbags-cross-body	20161203	5	1200.919397	240.1838794
brand | kate spade	cameron street lane	ks-handbags-cross-body	20161205	5	1200.919397	240.1838794
brand | kate spade	midnight rose rose studs	ks-jewelry-earrings	20161129	5	1200.919397	240.1838794
cm	classic nylon molly	ks-travel-bags	20161129	5	1200.919397	240.1838794
generic	cedar street maia travel wallet	ks-accessories-travel-accessories	20161129	5	1200.919397	240.1838794
(not set)	emerson place small ryley	ks-sale-handbags-wallets	20161206	5	1195.652206	239.13044119999998
cm	emerson place small ryley	ks-sale-handbags-wallets	20161129	5	1195.652206	239.13044119999998
dw_shipping_confirmation	emerson place small ryley	ks-sale-handbags-wallets	20161129	5	1195.652206	398.5507353333333
brand | kate spade	cameron street blakely	ks-sale-handbags-wallets	20161129	5	1193.018611	238.6037222
brand | kate spade	cameron street blakely	ks-sale-handbags-wallets	20161203	5	1193.018611	238.6037222
(not set)	cameron street neema	ks-sale-handbags-wallets	20161130	5	1187.751421	237.5502842
brand | kate spade	cameron street neema	ks-sale-handbags-wallets	20161203	5	1187.751421	237.5502842
generic	cameron street neema	ks-sale-handbags-wallets	20161129	5	1187.751421	237.5502842
generic	cameron street small blakely	ks-sale-handbags-wallets	20161130	5	1187.751421	237.5502842
(not set)	champagne at midnight metro watch	ks-jewelry-watches	20161203	5	1185.117826	237.02356519999998
(not set)	champagne at midnight metro watch	ks-jewelry-watches	20161206	5	1185.117826	237.02356519999998
(not set)	clocktower grey pave monterey watch	ks-jewelry-watches	20161206	5	1185.117826	237.02356519999998
(not set)	deco dot tea kettle	ks-home-kitchenware	20161129	24	1185.117826	49.37990941666666
(not set)	gramercy grand watch	ks-jewelry-watches	20161201	5	1185.117826	237.02356519999998
(not set)	gramercy grand watch	ks-jewelry-watches	20161202	5	1185.117826	237.02356519999998
(not set)	lita street andrea	ks-sale-handbags-wallets	20161206	13	1185.117826	91.1629096923077
(not set)	marina piccola scalloped cut out bandeau one piece	ks-clothing-swimwear	20161201	8	1185.117826	148.13972825
(not set)	pave monterey watch	(not set)	20161205	5	1185.117826	237.02356519999998
generic	lita street andrea	ks-sale-handbags-wallets	20161205	13	1185.117826	107.73798418181819
(not set)	blot dot silk bow dress	ks-clothing-dresses	20161205	3	1179.850635	393.283545
(not set)	classic nylon international carry-on	ks-sale-handbags-wallets	20161204	3	1179.850635	393.283545
(not set)	dusk floral rya top	ks-clothing-tops-view-all	20161202	3	1179.850635	393.283545
(not set)	embellished bow dress	ks-clothing-dresses	20161130	3	1179.850635	393.283545
(not set)	forever mine initial ring	ks-jewelry-rings	20161202	37	1179.850635	36.87033234375
(not set)	imagination flying pig clutch	ks-handbags-clutches	20161202	3	1179.850635	393.283545
(not set)	imagination flying pig clutch	ks-handbags-clutches	20161206	3	1179.850635	393.283545
(not set)	metallic clipped dot jumpsuit	ks-clothing-pants	20161129	3	1179.850635	393.283545
(not set)	olive drive brigette	ks-handbags-satchels	20161202	3	1179.850635	393.283545
(not set)	olive drive brigette	ks-handbags-satchels	20161203	3	1179.850635	393.283545
(not set)	olive drive savannah	ks-handbags-totes	20161201	3	1179.850635	393.283545
(not set)	pleated cape dress	ks-clothing-dresses-view-all	20161130	3	1179.850635	393.283545
(not set)	pleated cape dress	ks-clothing-dresses-view-all	20161205	3	1179.850635	393.283545
(not set)	shimmer tweed dress	ks-clothing-dresses	20161202	3	1179.850635	393.283545
098689833743	classic nylon international carry-on	ks-travel-bags	20161130	3	1179.850635	393.283545
10272016_surprisesalelastday	double bow back dress	ks-clothing-dresses-view-all	20161130	3	1179.850635	393.283545
11072016_newarrivals	olive drive brigette	ks-handbags-satchels	20161129	3	1179.850635	393.283545
11272016_cybermonday1	shimmer tweed dress	ks-clothing-dresses	20161129	3	1179.850635	393.283545
11292016_cybermondayfinalhours_v1	bow fit and flare dress	ks-clothing-dresses	20161130	3	1179.850635	393.283545
11292016_cybermondayfinalhours_v1	emerson place olivera	ks-handbags-satchels	20161129	3	1179.850635	393.283545
11292016_cybermondayfinalhours_v1	olive drive brigette	ks-handbags-satchels	20161129	3	1179.850635	393.283545
11292016_cybermondayfinalhours_v1	olive drive savannah	ks-handbags-totes	20161129	3	1179.850635	393.283545
11292016_cybermondaylastday	shimmer tweed dress	ks-clothing-dresses	20161129	3	1179.850635	393.283545
12042016_dotdsmallnatalya	imagination flying pig clutch	ks-handbags-clutches	20161204	3	1179.850635	393.283545
716454091135	bow fit and flare dress	ks-clothing-dresses	20161203	3	1179.850635	393.283545
brand | ca | kate spade	healy lane jayne	ks-handbags-shoulder-bags	20161206	3	1179.850635	393.283545
brand | clothing	bow fit and flare dress	ks-clothing-dresses	20161129	3	1179.850635	393.283545
brand | kate spade	bow fit and flare dress	ks-clothing-dresses	20161204	3	1179.850635	393.283545
brand | kate spade	embellished bow dress	ks-clothing-dresses	20161129	3	1179.850635	393.283545
brand | kate spade	emerson place olivera	ks-handbags-satchels	20161206	3	1179.850635	393.283545
brand | kate spade	healy lane jayne	ks-handbags-shoulder-bags	20161204	3	1179.850635	393.283545
brand | kate spade	heart of gold idiom bangle	ks-jewelry-bracelets	20161129	37	1179.850635	40.68450465517242
brand | kate spade	mini small square studs	ks-jewelry-earrings	20161129	37	1179.850635	34.701489264705884
brand | kate spade	romee top	ks-clothing-tops-view-all	20161203	3	1179.850635	393.283545
brand | kate spade	shimmer tweed dress	ks-clothing-dresses	20161129	3	1179.850635	393.283545
brand | kate spade | bing	healy lane jayne	ks-handbags-shoulder-bags	20161205	3	1179.850635	393.283545
brand | kate spade | bing	olive drive brigette	ks-handbags-satchels	20161129	3	1179.850635	393.283545
brand | kate spade | bing	olive drive savannah	ks-handbags-totes	20161201	3	1179.850635	393.283545
brand | sale	olive drive savannah	ks-handbags-totes	20161130	3	1179.850635	393.283545
brand-search|kate_spade	emerson place olivera	ks-handbags-satchels	20161204	3	1179.850635	393.283545
cm	olive drive brigette	ks-handbags-satchels	20161129	3	1179.850635	393.283545
deeplink	shimmer tweed dress	ks-clothing-dresses	20161129	3	1179.850635	393.283545
dw_order_confirmation	shimmer tweed dress	ks-clothing-dresses	20161203	3	1179.850635	393.283545
generic	double bow back dress	ks-clothing-dresses-view-all	20161130	3	1179.850635	393.283545